mu,psi_ref,psi_hat
-1,17.8412411615277,17.9075260515117
-0.999,17.823408838014,17.6261355364526
-0.998,17.7700187366945,17.5044098298984
-0.997,17.6813903984988,17.4394118875071
-0.996,17.5580528507543,17.3704796703998
-0.995,17.4007393477259,17.2648158155596
-0.994,17.2103801101593,17.108141836018
-0.993,16.9880931644069,16.8979800382214
-0.992,16.7351734073464,16.6386772484231
-0.991,16.4530800467027,16.3378172294853
-0.99,16.1434225871536,16.003799294803
-0.989,15.8079455503998,15.6443654279967
-0.988,15.4485121319364,15.2658500617567
-0.987,15.0670870083675,14.8729386562296
-0.986,14.6657185166198,14.4687525161316
-0.985,14.2465204302773,14.0551173960745
-0.984,13.8116535584824,13.6329129130929
-0.983,13.3633073895167,13.2024332698235
-0.982,12.9036819944321,12.7637156322095
-0.981,12.4349703961675,12.3168112846253
-0.98,11.9593415967282,11.8619879038595
-0.979,11.4789244395361,11.3998605156142
-0.978,10.9957924663505,10.931455144787
-0.977,10.5119499085904,10.4582136290329
-0.976,10.0293189318874,9.98195095966902
-0.975,9.54972823067112,9.50477805243251
-0.974,9.07490304698814,9.02900315969966
-0.973,8.60645666497826,8.55702435917022
-0.972,8.14588340990719,8.09122389873656
-0.971,7.69455315874948,7.63387291444162
-0.97,7.25370734839228,7.18705247346127
-0.969,6.82445644790148,6.75259432393638
-0.968,6.40777884323281,6.3320424072251
-0.967,6.00452106651156,5.92663428027455
-0.966,5.6153992877272,5.53730019697282
-0.965,5.24100197452793,5.16467672046031
-0.964,4.88179361583823,4.80913133566273
-0.963,4.53811939729783,4.47079451618621
-0.962,4.21021071102432,4.14959596851569
-0.961,3.89819137888281,3.84530222625474
-0.96,3.60208446721536,3.55755330796322
-0.959,3.32181957171664,3.28589671348768
-0.958,3.05724045368768,3.02981756616536
-0.957,2.80811291308122,2.78876418191921
-0.956,2.57413278937324,2.56216874670605
-0.955,2.35493398815096,2.34946310793187
-0.954,2.15009643918047,2.15008993717389
-0.953,1.95915390039112,1.96350970820989
-0.952,1.78160153147356,1.78920406425003
-0.951,1.61690317042506,1.62667622912555
-0.95,1.46449825619266,1.47544915552071
-0.949,1.32380835037629,1.33506210443827
-0.948,1.19424322059452,1.20506631849485
-0.947,1.07520645743365,1.08502039171939
-0.946,0.966100605769089,0.974485855058572
-0.945,0.866331799556614,0.87302339536672
-0.944,0.775313896852632,0.780190012760892
-0.943,0.692472118771049,0.69553730405113
-0.942,0.617246202271943,0.618610945945789
-0.941,0.549093082077468,0.548951347943094
-0.94,0.487489121612798,0.486095357275173
-0.939,0.43193191668104,0.4295788313826
-0.938,0.381941698621292,0.378939849586631
-0.937,0.337062366001189,0.333722315190624
-0.936,0.296862175502515,0.293479700486454
-0.935,0.260934123621934,0.257778706741171
-0.934,0.228896051186311,0.226202644755839
-0.933,0.200390502535157,0.198354384060461
-0.932,0.175084370616128,0.17385876531977
-0.931,0.152668358238343,0.152364416678699
-0.93,0.132856284397712,0.133544957037102
-0.929,0.115384262991278,0.117099605111763
-0.928,0.100009779434198,0.102753241186719
-0.927,0.086510688739669,0.0902559882110701
-0.926,0.0746841565710941,0.0793823907127596
-0.925,0.0643455626739327,0.0699302747700652
-0.924,0.0553273839841127,0.0617193712833796
-0.923,0.0474780726268388,0.0545897794289106
-0.922,0.0406609419952941,0.0484003388467471
-0.921,0.0347530721587283,0.0430269690771647
-0.92,0.0296442440143867,0.0383610240640952
-0.919,0.0252359098834131,0.034307699010108
-0.918,0.0214402066685724,0.0307845170740353
-0.917,0.0181790162486263,0.0277199147180641
-0.916,0.01538307648408,0.0250519371245467
-0.915,0.0129911450522739,0.0227270490634897
-0.914,0.0109492173141555,0.0206990618490188
-0.913,0.00920979853604423,0.0189281734610019
-0.912,0.0077312300409523,0.0173801163737332
-0.911,0.00647706823780671,0.0160254059600561
-0.91,0.00541551496442735,0.0148386813609541
-0.909,0.00451889717186435,0.0137981302738307
-0.908,0.00376319366377904,0.012884989081734
-0.907,0.00312760637493193,0.0120831100055209
-0.906,0.00259417351756635,0.0113785874170815
-0.905,0.00214742183386624,0.0107594360294942
-0.904,0.00177405515746429,0.0102153143219997
-0.903,0.00146267649845783,0.00973728722145192
-0.902,0.00120354091645512,0.00931762271717018
-0.901,0.000988336527401479,0.00894961771238399
-0.9,0.000809991095608916,0.00862744899983275
-0.899,0.000662501786546462,0.00834604578435437
-0.898,0.000540785793263471,0.00810098065841896
-0.897,0.000440549695235505,0.00788837636741391
-0.896,0.000358175559022501,0.00770482608186963
-0.895,0.000290621942114773,0.00754732522677774
-0.894,0.000235338111991215,0.00741321320740078
-0.893,0.000190189939526641,0.007300123620529
-0.892,0.000153396067733056,0.0072059417540631
-0.891,0.000123473092091877,0.00712876836002691
-0.89,9.91886164849871e-05,0.00706688884035426
-0.889,7.95211683309214e-05,0.00701874711450051
-0.888,6.36260676148219e-05,0.00698292354624989
-0.887,5.08064469263161e-05,0.00695811639691936
-0.886,4.04887134299023e-05,0.00694312634610518
-0.885,3.22018290757122e-05,0.00693684368156956
-0.884,2.55598626159139e-05,0.00693823780898358
-0.883,2.02473365099867e-05,0.00694634877199697
-0.882,1.60069540274191e-05,0.00696028050528487
-0.881,1.26293472753321e-05,0.00697919556943442
-0.88,9.94453599924941e-06,0.00700231113822475
-0.879,7.81483034332761e-06,0.00702889602728798
-0.878,6.12894882322944e-06,0.00705826856940939
-0.877,4.79715605859384e-06,0.00708979515674083
-0.876,3.74725381058824e-06,0.00712288928469058
-0.875,2.92128402592409e-06,0.00715701094675165
-0.874,2.27282432584676e-06,0.0071916662443993
-0.873,1.7647750900477e-06,0.00722640709161832
-0.872,1.36755333246871e-06,0.00726083090963549
-0.871,1.05762227796032e-06,0.00729458022393633
-0.87,8.16297223813699e-07,0.00732734209242121
-0.869,6.28778176238452e-07,0.00735884731031113
-0.868,4.83368128189398e-07,0.00738886935380666
-0.867,3.70842903975598e-07,0.00741722304017019
-0.866,2.83944425318135e-07,0.00744376289649154
-0.865,2.16974217585757e-07,0.00746838124258578
-0.864,1.6546811762548e-07,0.00749100600500051
-0.863,1.25936590907289e-07,0.00751159828877824
-0.862,9.56579237471641e-08,0.00753014974130564
-0.861,7.25139192807915e-08,0.00754667974825213
-0.86,5.48596734744339e-08,0.00756123250528571
-0.859,4.14206079483895e-08,0.0075738740110655
-0.858,3.12112477142909e-08,0.0075846890271102
-0.857,2.347130317624e-08,0.0075937780487439
-0.856,1.76154883248589e-08,0.00760125432866303
-0.855,1.31942157594475e-08,0.00760724099101632
-0.854,9.86288313934038e-09,0.00761186826949789
-0.853,7.35792919305725e-09,0.00761527089808467
-0.852,5.47821070256866e-09,0.00761758567792992
-0.851,4.07055166100075e-09,0.00761894923877041
-0.85,3.01855588580641e-09,0.00761949600819088
-0.849,2.23396611687907e-09,0.00761935639735726
-0.848,1.65000535524916e-09,0.00761865520749646
-0.847,1.21625751522552e-09,0.0076175102575272
-0.846,8.94740571933612e-10,0.00761603122989588
-0.845,6.56901322075958e-10,0.00761431872883994
-0.844,4.81320713761966e-10,0.00761246354300022
-0.843,3.51965729856029e-10,0.00761054610249363
-0.842,2.56860673772918e-10,0.00760863611920604
-0.841,1.87079528491126e-10,0.00760679239812044
-0.84,1.35983535035957e-10,0.00760506280689885
-0.839,9.86456180669162e-11,0.00760348439063267
-0.838,7.14168483284105e-11,0.00760208361860802
-0.837,5.16006264281837e-11,0.00760087675003942
-0.836,3.72083728473523e-11,0.00759987030596728
-0.835,2.67767456841186e-11,0.00759906163483701
-0.834,1.92311971604187e-11,0.00759843955965488
-0.833,1.37843489225199e-11,0.00759798509500776
-0.832,9.8604697798517e-12,0.00759767222263118
-0.831,7.03947654142976e-12,0.00759746871458585
-0.83,5.01550348654379e-12,0.00759733699346158
-0.829,3.56631843324727e-12,0.00759723501935538
-0.828,2.5307958348238e-12,0.00759711719368281
-0.827,1.79236112069374e-12,0.00759693527017529
-0.826,1.26685039026837e-12,0.00759663926370922
-0.825,8.93627562375118e-13,0.00759617834791095
-0.824,6.29099285909684e-13,0.00759550173280572
-0.823,4.41990810650052e-13,0.00759455951413352
-0.822,3.09912218570045e-13,0.00759330348635996
-0.821,2.16868047267234e-13,0.00759168791187046
-0.82,1.51455081839138e-13,0.00758967023936362
-0.819,1.05561011252961e-13,0.00758721176505733
-0.818,7.34268073340043e-14,0.00758427823099131
-0.817,5.09726437359286e-14,0.00758084035545211
-0.816,3.53143392136631e-14,0.00757687429135474
-0.815,2.44172314855882e-14,0.007572362009281
-0.814,1.68489626562686e-14,0.00756729160278968
-0.813,1.16032947908584e-14,0.00756165751455915
-0.812,7.9748201084081e-15,0.00755546068288832
-0.811,5.47005729878631e-15,0.00754870860904613
-0.81,3.74450372491733e-15,0.00754141534690782
-0.809,2.55816215246287e-15,0.00753360141722591
-0.808,1.7441879540144e-15,0.00752529364974355
-0.807,1.18683380296948e-15,0.00751652495714607
-0.806,8.05968266754486e-16,0.00750733404555078
-0.805,5.46232314923275e-16,0.00749776506684489
-0.804,3.6946069840151e-16,0.00748786721868505
-0.803,2.49396592524268e-16,0.00747769429836205
-0.802,1.68013506240283e-16,0.00746730421701293
-0.801,1.12961197011187e-16,0.00745675848082107
-0.8,7.57959128082613e-17,0.00744612164589342
-0.799,5.0756737638478e-17,0.00743546075344399
-0.798,3.39213418859862e-17,0.00742484475175226
-0.797,2.26247484311552e-17,0.00741434391111539
-0.796,1.50600323502319e-17,0.00740402923768644
-0.795,1.0004593829492e-17,0.00739397189169659
-0.794,6.63291496492654e-18,0.00738424261511676
-0.793,4.38874965749627e-18,0.00737491117333125
-0.792,2.89806818077499e-18,0.00736604581489212
-0.791,1.90988755855511e-18,0.00735771275290821
-0.79,1.2561410597515e-18,0.00734997567111075
-0.789,8.24518557594513e-19,0.00734289525713836
-0.788,5.40124489684334e-19,0.00733652876511176
-0.787,3.53117071564294e-19,0.00733092960912557
-0.786,2.30396018865152e-19,0.00732614698888254
-0.785,1.50024655327825e-19,0.00732222554833722
-0.784,9.74948591006969e-20,0.0073192050679051
-0.783,6.32313137668053e-20,0.00731712019053199
-0.782,4.09273952541779e-20,0.00731600018170611
-0.781,2.64379280962496e-20,0.00731586872333067
-0.78,1.70440240968868e-20,0.00731674374125561
-0.779,1.09660007945907e-20,0.0073186372661898
-0.778,7.04134814313721e-21,0.00732155532767292
-0.777,4.51226682611742e-21,0.00732549788077662
-0.776,2.88579276115384e-21,0.00733045876521893
-0.775,1.84190368730038e-21,0.00733642569660808
-0.774,1.17327578098421e-21,0.00734338028957707
-0.773,7.45872689716353e-22,0.00735129811261812
-0.772,4.7321741233862e-22,0.00736014877447313
-0.771,2.99631962068184e-22,0.00736989604197375
-0.77,1.89342004690034e-22,0.00738049798924864
-0.769,1.19409042201685e-22,0.00739190717821743
-0.768,7.51551714165968e-23,0.00740407087026867
-0.767,4.72076015033097e-23,0.00741693126896973
-0.766,2.95935054985461e-23,0.00743042579357063
-0.765,1.85145133221783e-23,0.00744448738294806
-0.764,1.15600469935675e-23,0.00745904482948219
-0.763,7.20341290591878e-24,0.00747402314217003
-0.762,4.47969484173818e-24,0.00748934393805792
-0.761,2.78028913703914e-24,0.00750492586081869
-0.76,1.72211799964643e-24,0.00752068502501907
-0.759,1.06455293152617e-24,0.00753653548431347
-0.758,6.56754452018229e-25,0.00755238972147676
-0.757,4.04361875070088e-25,0.00756815915784949
-0.756,2.48467041610244e-25,0.00758375467942947
-0.755,1.5236976137724e-25,0.00759908717650229
-0.754,9.32524384150973e-26,0.0076140680933786
-0.753,5.69577752030454e-26,0.00762860998449665
-0.752,3.47198027080997e-26,0.00764262707287288
-0.751,2.11218955748078e-26,0.00765603580664034
-0.75,1.28238947423012e-26,0.00766875540922104
-0.749,7.7703111405418e-27,0.0076807084185335
-0.748,4.69881433341995e-27,0.00769182121055593
-0.747,2.83576064811545e-27,0.00770202450254261
-0.746,1.70797798750483e-27,0.00771125383124306
-0.745,1.02665937642313e-27,0.00771945000159222
-0.744,6.15888220221243e-28,0.00772655950153098
-0.743,3.68730301434224e-28,0.00773253487888098
-0.742,2.20316574360711e-28,0.00773733507652721
-0.741,1.31376268719544e-28,0.00774092572255803
-0.74,7.81840362266583e-29,0.00774327937246705
-0.739,4.6435557277198e-29,0.00774437570102528
-0.738,2.7524196385748e-29,0.00774420164198213
-0.737,1.62820860218748e-29,0.00774275147433238
-0.736,9.61251106933808e-30,0.00774002685449153
-0.735,5.66363258821624e-30,0.00773603679433559
-0.734,3.33031031183416e-30,0.00773079758567551
-0.733,1.95436530076928e-30,0.00772433267234003
-0.732,1.14461173838515e-30,0.00771667247161955
-0.731,6.69024556257328e-31,0.00770785414737069
-0.73,3.90262958846636e-31,0.00769792133758544
-0.729,2.2719774585158e-31,0.00768692383968084
-0.728,1.32002487270855e-31,0.00767491725715914
-0.727,7.65405576244278e-32,0.00766196261161818
-0.726,4.42927393075937e-32,0.00764812592435274
-0.725,2.55802550138974e-32,0.00763347777197931
-0.724,1.47437721332755e-32,0.0076180928206325
-0.723,8.48093552760079e-33,0.00760204934333228
-0.722,4.86866983539094e-33,0.00758542872509666
-0.721,2.78938395103075e-33,0.00756831496028939
-0.72,1.59491551370491e-33,0.00755079414654458
-0.719,9.10119622667124e-34,0.00753295397940771
-0.718,5.18311308992105e-34,0.00751488325158282
-0.717,2.94587491644842e-34,0.00749667136038634
-0.716,1.6709726104468e-34,0.00747840782668227
-0.715,9.45922968742709e-35,0.00746018182822839
-0.714,5.34408825754932e-35,0.00744208174999577
-0.713,3.01316478912127e-35,0.00742419475365175
-0.712,1.69552249735624e-35,0.00740660636801937
-0.711,9.52172513791265e-36,0.00738940010195812
-0.71,5.33653221644159e-36,0.00737265708075045
-0.709,2.98492924889815e-36,0.00735645570673967
-0.708,1.66625075288058e-36,0.00734087134464359
-0.707,9.28278061678726e-37,0.00732597603167998
-0.706,5.16115884862865e-37,0.00731183821237201
-0.705,2.86383357277698e-37,0.00729852249767755
-0.704,1.58591438072667e-37,0.00728608944788312
-0.703,8.76482217719413e-38,0.00727459537854615
-0.702,4.83434780942846e-38,0.00726409218863862
-0.701,2.66111772083885e-38,0.00725462720995255
-0.7,1.46191355305224e-38,0.00724624307676799
-0.699,8.01513254733649e-39,0.00723897761475483
-0.698,4.38562138760502e-39,0.00723286374807995
-0.697,2.39487568469528e-39,0.0072279294237201
-0.696,1.30516741947847e-39,0.00722419755203091
-0.695,7.09873370213153e-40,0.00722168596269668
-0.694,3.85324795116408e-40,0.00722040737527661
-0.693,2.08739403823637e-40,0.00722036938366801
-0.692,1.12853058169543e-40,0.00722157445392534
-0.691,6.08910743950083e-41,0.00722401993499895
-0.69,3.27887871681963e-41,0.00722769808208637
-0.689,1.76209159432681e-41,0.00723259609242215
-0.688,9.45067910906134e-42,0.0072386961534588
-0.687,5.05858400039068e-42,0.00724597550351812
-0.686,2.70225498025715e-42,0.00725440650510583
-0.685,1.44063876540107e-42,0.00726395673118882
-0.684,7.66505505778995e-43,0.00727458906482447
-0.683,4.07011679380912e-43,0.0072862618126075
-0.682,2.15689933063676e-43,0.00729892883245467
-0.681,1.1407337495445e-43,0.00731253967628688
-0.68,6.02102065099431e-44,0.00732703974817871
-0.679,3.17166532259203e-44,0.00734237047854067
-0.678,1.66738542917201e-44,0.00735846951486205
-0.677,8.74814677940885e-45,0.00737527092948795
-0.676,4.58065445168336e-45,0.00739270544481797
-0.675,2.39370381866845e-45,0.00741070067620791
-0.674,1.2483739709865e-45,0.00742918139272309
-0.673,6.49756164050891e-46,0.00744806979573714
-0.672,3.37510682033243e-46,0.00746728581519352
-0.671,1.74966960731719e-46,0.00748674742315197
-0.67,9.05223842843218e-47,0.00750637096403028
-0.669,4.67398518891144e-47,0.00752607150072493
-0.668,2.40851907587339e-47,0.00754576317556
-0.667,1.23863760169814e-47,0.00756535958477085
-0.666,6.35725805065582e-48,0.00758477416498434
-0.665,3.25631816627288e-48,0.0076039205899171
-0.664,1.6646204846116e-48,0.00762271317527663
-0.663,8.49249008265139e-49,0.00764106728962769
-0.662,4.32400585252784e-49,0.00765889976877886
-0.661,2.19719655213076e-49,0.00767612933105896
-0.66,1.11425080273953e-49,0.00769267699069079
-0.659,5.63934174189555e-50,0.00770846646634039
-0.658,2.84842823673601e-50,0.00772342458182143
-0.657,1.43586484378369e-50,0.00773748165587322
-0.656,7.22359274510135e-51,0.00775057187790906
-0.655,3.6268062470703e-51,0.00776263366665204
-0.654,1.81730101070553e-51,0.00777361000863505
-0.653,9.08784250885071e-52,0.00778344877364934
-0.652,4.53550998348055e-52,0.0077921030043705
-0.651,2.2590345511517e-52,0.00779953117758122
-0.65,1.1229257233065e-52,0.00780569743463663
-0.649,5.57071061753187e-53,0.00781057177908221
-0.648,2.75804646132755e-53,0.00781413023963041
-0.647,1.36277440473875e-53,0.00781635499702717
-0.646,6.72013146941579e-54,0.00781723447368589
-0.645,3.30721920926382e-54,0.00781676338533339
-0.644,1.62434997154867e-54,0.0078149427542886
-0.643,7.96210021562375e-55,0.00781177988437754
-0.642,3.894996618815e-55,0.00780728829787174
-0.641,1.90159462641884e-55,0.00780148763521142
-0.64,9.26531542762108e-56,0.00779440351863988
-0.639,4.50540552759383e-56,0.00778606738121841
-0.638,2.18644711436934e-56,0.00777651626301342
-0.637,1.0589500562106e-56,0.0077657925765396
-0.636,5.11850803527982e-57,0.00775394384380335
-0.635,2.4691229268271e-57,0.00774102240751307
-0.634,1.18870323828775e-57,0.00772708511921194
-0.633,5.71130811983577e-58,0.00771219300722859
-0.632,2.73860342134893e-58,0.00769641092744877
-0.631,1.31055156452365e-58,0.00767980719996984
-0.63,6.2590798357597e-59,0.00766245323472068
-0.629,2.98330928655956e-59,0.00764442314911005
-0.628,1.41911463859819e-59,0.00762579338070798
-0.627,6.73702394489408e-60,0.00760664229787196
-0.626,3.19190614579579e-60,0.00758704981110326
-0.625,1.50925820659139e-60,0.00756709698776556
-0.624,7.12210529490171e-61,0.00754686567261669
-0.623,3.35416671740368e-61,0.00752643811640735
-0.622,1.57649396075562e-61,0.00750589661458025
-0.621,7.39488438772847e-62,0.00748532315787775
-0.62,3.46179922866616e-62,0.00746479909642788
-0.619,1.61734911823355e-62,0.00744440481863749
-0.618,7.54114144010169e-63,0.0074242194459829
-0.617,3.50914899035576e-63,0.00740432054454985
-0.616,1.62966350554473e-63,0.00738478385394735
-0.615,7.5531043292067e-64,0.007365683033999
-0.614,3.49369057274031e-64,0.00734708942941081
-0.613,1.61277879067497e-64,0.00732907185242298
-0.612,7.43013286778896e-65,0.00731169638327829
-0.611,3.41625096652285e-65,0.00729502618818541
-0.61,1.56759679243656e-65,0.00727912135431839
-0.609,7.17877556340905e-66,0.00726403874127695
-0.608,3.28093628423651e-66,0.00724983184833767
-0.607,1.49649967954365e-66,0.00723655069674976
-0.606,6.81219185836956e-67,0.00722424172627341
-0.605,3.09477104355952e-67,0.00721294770512434
-0.604,1.4031418870182e-67,0.00720270765246887
-0.603,6.34901079313854e-68,0.00719355677261538
-0.602,2.86709413450241e-68,0.00718552640006435
-0.601,1.29213904580451e-68,0.00717864395461053
-0.6,5.81176384840237e-69,0.00717293290573685
-0.599,2.60878374112868e-69,0.00716841274559595
-0.598,1.16869075935766e-69,0.00716509896994443
-0.597,5.22507528390291e-70,0.00716300306647051
-0.596,2.33140060767001e-70,0.0071621325100408
-0.595,1.03818002702908e-70,0.00716249076448037
-0.594,4.61381147300655e-71,0.00716407729059456
-0.593,2.04634300303082e-71,0.00716688756023609
-0.592,9.05791890412171e-72,0.00717091307631854
-0.591,4.00138036219124e-72,0.00717614139877039
-0.59,1.76409778926198e-72,0.00718255617651953
-0.589,7.76187931879789e-73,0.00719013718568532
-0.588,3.40833698662868e-73,0.00719886037423976
-0.587,1.49365253365324e-73,0.00720869791347532
-0.586,6.53262973486409e-74,0.00721961825668775
-0.585,2.85139850697314e-74,0.00723158620553892
-0.584,1.24210755516789e-74,0.00724456298461635
-0.583,5.39997687481697e-75,0.00725850632474182
-0.582,2.3429121663114e-75,0.00727337055560743
-0.581,1.01449877330389e-75,0.00728910670832896
-0.58,4.38407985295535e-76,0.00730566262850331
-0.579,1.89076170067749e-76,0.00732298310034116
-0.578,8.13816607816015e-77,0.00734100998241265
-0.577,3.49580912121483e-77,0.00735968235549789
-0.576,1.49865023115623e-77,0.00737893668297011
-0.575,6.41186352430665e-78,0.00739870698406393
-0.574,2.73778705550061e-78,0.00741892502028628
-0.573,1.16666581532085e-78,0.00743952049512376
-0.572,4.96163360866233e-79,0.00746042126707867
-0.571,2.10588339271152e-79,0.00748155357593575
-0.57,8.92021577293326e-80,0.00750284228201838
-0.569,3.77092427083638e-80,0.00752421111804209
-0.568,1.59093220373896e-80,0.00754558295301424
-0.567,6.69864474509108e-81,0.00756688006746421
-0.566,2.81483945806942e-81,0.00758802443912225
-0.565,1.18046122303068e-81,0.00760893803799623
-0.564,4.94061749352871e-82,0.00762954312963123
-0.563,2.06367902024401e-82,0.00764976258517347
-0.562,8.60269404347059e-83,0.00766952019670914
-0.561,3.57897130830392e-83,0.00768874099620186
-0.56,1.48598137871874e-83,0.00770735157622366
-0.559,6.15743631363741e-84,0.00772528041055699
-0.558,2.54634884608923e-84,0.00774245817264911
-0.557,1.05091425889379e-84,0.00775881804982005
-0.556,4.32860622003827e-85,0.00777429605107207
-0.555,1.7793455017838e-85,0.00778883130631527
-0.554,7.29968133202572e-86,0.00780236635481715
-0.553,2.98867663983167e-86,0.00781484742070527
-0.552,1.2211959849156e-86,0.00782622467339619
-0.551,4.97992976263427e-87,0.00783645247089953
-0.55,2.02671405015707e-87,0.00784548958404444
-0.549,8.23176853185002e-88,0.00785329939980249
-0.548,3.33676201455832e-88,0.0078598501020304
-0.547,1.34985999550953e-88,0.00786511482813127
-0.546,5.44983848816248e-89,0.00786907180032403
-0.545,2.19588679777653e-89,0.00787170443042592
-0.544,8.83014173512898e-90,0.00787300139727899
-0.543,3.54369889076387e-90,0.00787295669619101
-0.542,1.41931032361049e-90,0.007871569660011
-0.541,5.67321603581165e-91,0.00786884495171249
-0.54,2.26314662989066e-91,0.00786479252861353
-0.539,9.01005568556136e-92,0.00785942757861611
-0.538,3.57992285758064e-92,0.00785277042909444
-0.537,1.41955189089544e-92,0.00784484642930148
-0.536,5.61772256939564e-93,0.00783568580738821
-0.535,2.21871088549307e-93,0.00782532350334096
-0.534,8.74525649055497e-94,0.00781379897933378
-0.533,3.44013748792501e-94,0.00780115600916618
-0.532,1.35054935324446e-94,0.00778744244860184
-0.531,5.2914723331953e-95,0.00777270998855183
-0.53,2.06906441360169e-95,0.00775701389314261
-0.529,8.07426322931876e-96,0.00774041272478254
-0.528,3.14458405044285e-96,0.00772296805838643
-0.527,1.22223557939063e-96,0.00770474418693915
-0.526,4.74108834020235e-97,0.00768580782057177
-0.525,1.83540784742736e-97,0.007666227781296
-0.524,7.09118036656616e-98,0.00764607469548773
-0.523,2.73423533010367e-98,0.00762542068613696
-0.522,1.0521669610897e-98,0.00760433906678717
-0.521,4.04077660708941e-99,0.00758290403897485
-0.52,1.54873257513604e-99,0.00756119039485544
-0.519,5.92405983012753e-100,0.00753927322656023
-0.518,2.26148572101367e-100,0.00751722764368374
-0.517,8.61588066156606e-101,0.00749512850014051
-0.516,3.27594733208672e-101,0.0074730501314737
-0.515,1.24309854451654e-101,0.00745106610353043
-0.514,4.70766570884591e-102,0.00742924897325852
-0.513,1.77925045328499e-102,0.00740767006221589
-0.512,6.71119666052865e-103,0.00738639924322798
-0.511,2.52635429893337e-103,0.00736550474047652
-0.51,9.49117451071174e-104,0.00734505294316084
-0.509,3.55858277234856e-104,0.00732510823273748
-0.508,1.33157488789652e-104,0.0073057328236201
-0.507,4.97262296744355e-105,0.00728698661711035
-0.506,1.85326224332617e-105,0.00726892706822703
-0.505,6.89318025452526e-106,0.00725160906501562
-0.504,2.55878504473121e-106,0.00723508481984265
-0.503,9.4793679957466e-107,0.00721940377211895
-0.502,3.50474458748823e-107,0.00720461250184511
-0.501,1.29319725849664e-107,0.00719075465333696
-0.5,4.7621666341462e-108,0.00717787086846412
-0.499,1.75015217259459e-108,0.0071659987287236
-0.498,6.41916362616782e-109,0.00715517270546834
-0.497,2.3497004052879e-109,0.00714542411762198
-0.496,8.58376755343155e-110,0.00713678109623036
-0.495,3.12949899395594e-110,0.00712926855522977
-0.494,1.13868367694014e-110,0.00712290816784986
-0.493,4.13487880670309e-111,0.00711771834811364
-0.492,1.49849012661209e-111,0.00711371423694929
-0.491,5.41971435427503e-112,0.00711090769248553
-0.49,1.95627687239489e-112,0.0071093072841639
-0.489,7.04718470815708e-113,0.00710891829036901
-0.488,2.53356703466122e-113,0.00710974269934397
-0.487,9.09034896905506e-114,0.00711177921323131
-0.486,3.25506842806838e-114,0.00711502325515026
-0.485,1.16324474927001e-114,0.00711946697929431
-0.484,4.14871393436608e-115,0.007125099284103
-0.483,1.47668305110178e-115,0.00713190582863371
-0.482,5.24556776016089e-116,0.00713986905232422
-0.481,1.85964104748078e-116,0.00714896819840398
-0.48,6.57956462588772e-117,0.0071591793412691
-0.479,2.32325350674998e-117,0.00717047541819424
-0.478,8.18705026399083e-118,0.00718282626580256
-0.477,2.8793186026829e-118,0.0071961986617584
-0.476,1.01060955626672e-118,0.00721055637218559
-0.475,3.54004260667771e-119,0.00722586020534008
-0.474,1.23755636618751e-119,0.00724206807208807
-0.473,4.31770432971624e-120,0.00725913505375148
-0.472,1.50339195095411e-120,0.00727701347788411
-0.471,5.22423799451976e-121,0.00729565300253418
-0.47,1.81177848064145e-121,0.00731500070953114
-0.469,6.27073794213631e-122,0.00733500120730457
-0.468,2.1660257609567e-122,0.00735559674370461
-0.467,7.46689413945226e-123,0.00737672732924309
-0.466,2.56890345033266e-123,0.00739833087111239
-0.465,8.82037360379158e-124,0.00742034331826884
-0.464,3.02243932186983e-124,0.00744269881778593
-0.463,1.03361692407955e-124,0.00746532988259015
-0.462,3.52771136029431e-125,0.00748816757059345
-0.461,1.20159437507657e-125,0.00751114167512796
-0.46,4.0846433358556e-126,0.00753418092647187
-0.459,1.38574016744357e-126,0.00755721320413631
-0.458,4.69181502632705e-127,0.00758016575945404
-0.457,1.58537267648368e-127,0.00760296544788454
-0.456,5.34629928861685e-128,0.00762553897031632
-0.455,1.79931241418355e-128,0.00764781312251793
-0.454,6.04353854847193e-129,0.00766971505175925
-0.453,2.02585066290903e-129,0.00769117251949899
-0.452,6.77727284506067e-130,0.00771211416891449
-0.451,2.26273619289383e-130,0.00773246979593716
-0.45,7.53953024825257e-131,0.00775217062235308
-0.449,2.50718316713389e-131,0.00777114956943735
-0.448,8.32068823346521e-132,0.00778934153050981
-0.447,2.75590249066659e-132,0.00780668364073694
-0.446,9.10961149869216e-133,0.0078231155424548
-0.445,3.00515775698683e-133,0.00783857964425697
-0.444,9.89386786614519e-134,0.00785302137207844
-0.443,3.25084563463334e-134,0.00786638941051319
-0.442,1.06600195294017e-134,0.0078786359326284
-0.441,3.48859909701334e-135,0.00788971681658469
-0.44,1.13939822561189e-135,0.00789959184743785
-0.439,3.7139104224687e-136,0.00790822490258271
-0.438,1.20814405563537e-136,0.00791558411940396
-0.437,3.92226948586392e-137,0.00792164204382224
-0.436,1.27083026234942e-137,0.00792637575856105
-0.435,4.10931163773403e-138,0.00792976699011426
-0.434,1.32611753917181e-138,0.00793180219356223
-0.433,4.27096852660194e-139,0.00793247261456084
-0.432,1.37278376397267e-139,0.00793177432801512
-0.431,4.40361465308566e-140,0.00792970825314341
-0.43,1.40976879495108e-140,0.00792628014483278
-0.429,4.50420231471771e-141,0.00792150056138745
-0.428,1.43621446552614e-141,0.0079153848089658
-0.427,4.5703779400706e-142,0.0079079528631974
-0.426,1.4514976735931e-142,0.00789922926865491
-0.425,4.60057361537324e-143,0.0078892430170359
-0.424,1.45525478420791e-143,0.00787802740507353
-0.423,4.59406883444854e-144,0.00786561987334978
-0.422,1.44739601134589e-144,0.0078520618273219
-0.421,4.55101907632359e-145,0.00783739844199533
-0.42,1.42810898452833e-145,0.00782167845177864
-0.419,4.47244962784172e-146,0.00780495392714311
-0.418,1.3978513024883e-146,0.00778728003977259
-0.417,4.36021499398018e-147,0.00776871481793764
-0.416,1.35733248650825e-147,0.00774931889385222
-0.415,4.2169261395576e-148,0.00772915524477866
-0.414,1.30748632718865e-148,0.00770828892963429
-0.413,4.04584954797297e-149,0.00768678682282192
-0.412,1.24943512937631e-149,0.00766471734696019
-0.411,3.85078354461004e-150,0.00764215020612495
-0.41,1.18444776595323e-150,0.0076191561211364
-0.409,3.63591841762744e-151,0.00759580656833569
-0.408,1.11389372630821e-151,0.00757217352319382
-0.407,3.405687511863e-152,0.00754832920998401
-0.406,1.03919547459221e-152,0.00752434585863221
-0.405,3.16461664379112e-153,0.00750029546973522
-0.404,9.61781413196449e-154,0.00747624958860954
-0.403,2.91717889565558e-154,0.00745227908910457
-0.402,8.83041586771645e-155,0.00742845396778372
-0.401,2.66766113907142e-155,0.00740484314894915
-0.4,8.0428798040184e-156,0.00738151430086063
-0.399,2.42004758606254e-156,0.00735853366337727
-0.398,7.26720889289624e-157,0.00733596588713547
-0.397,2.17792436399243e-157,0.00731387388426754
-0.396,6.51402398961819e-158,0.00729231869056229
-0.395,1.94440766763294e-158,0.00727135933887721
-0.394,5.79237549326085e-159,0.00725105274352563
-0.393,1.72209656663709e-159,0.00723145359528685
-0.392,5.109632969026e-160,0.00721261426662196
-0.391,1.51305014287261e-160,0.00719458472662172
-0.39,4.47144967714423e-161,0.00717741246516568
-0.389,1.3187873875745e-161,0.00716114242573657
-0.388,3.88179533414635e-162,0.00714581694630609
-0.387,1.14030727048549e-162,0.00713147570769119
-0.386,3.34304762858805e-163,0.00711815568877034
-0.385,9.78125645415474e-164,0.00710589112795173
-0.384,2.85613110229829e-164,0.00709471349029075
-0.383,8.32325197281732e-165,0.00708465143967195
-0.382,2.42069100964218e-165,0.00707573081549342
-0.381,7.02614459470115e-166,0.00706797461332042
-0.38,2.03528963098952e-166,0.00706140296901165
-0.379,5.88392011837436e-167,0.0070560331458615
-0.378,1.69761313556084e-167,0.00705187952434843
-0.377,4.88812267908109e-168,0.00704895359412818
-0.376,1.404678315408e-168,0.00704726394796527
-0.375,4.02849723775911e-169,0.00704681627735123
-0.374,1.15303017587286e-169,0.00704761336961741
-0.373,3.29359115366761e-170,0.00704965510641048
-0.372,9.38923291836354e-171,0.00705293846345953
-0.371,2.67129560102268e-171,0.00705745751162658
-0.37,7.58481855942592e-172,0.00706320341929361
-0.369,2.14931393570044e-172,0.00707016445620002
-0.368,6.07835308152857e-173,0.0070783259989061
-0.367,1.71555009542413e-173,0.00708767053811439
-0.366,4.83228227869495e-174,0.00709817768813788
-0.365,1.3584154056411e-174,0.00710982419885686
-0.364,3.81104706092942e-175,0.00712258397055452
-0.363,1.06705655058299e-175,0.00713642807206891
-0.362,2.98168645076389e-176,0.00715132476273596
-0.361,8.31510846046642e-177,0.00716723951863799
-0.36,2.31422337597337e-177,0.00718413506369726
-0.359,6.42797301294241e-178,0.00720197140618067
-0.358,1.78186264954939e-178,0.00722070588119621
-0.357,4.92953341949869e-179,0.00724029319977128
-0.356,1.36103350664167e-179,0.00726068550510464
-0.355,3.7502759933267e-180,0.00728183243657546
-0.354,1.03130958407495e-180,0.00730368120207913
-0.353,2.83039004851568e-181,0.00732617665923318
-0.352,7.75237789513454e-182,0.00734926140596484
-0.351,2.11911727335943e-182,0.00737287588094728
-0.35,5.78104645847924e-183,0.00739695847430182
-0.349,1.57394422548204e-183,0.00742144564891895
-0.348,4.27664920725968e-184,0.00744627207268515
-0.347,1.15970980703316e-184,0.00747137076181866
-0.346,3.1385311393769e-185,0.00749667323543452
-0.345,8.47685911201143e-186,0.00752210968136111
-0.344,2.2849405201969e-186,0.00754760913313049
-0.343,6.14675983235338e-187,0.0075730996579549
-0.342,1.65024718610548e-187,0.00759850855539011
-0.341,4.42163783981693e-188,0.00762376256626744
-0.34,1.18235732586752e-188,0.00764878809135636
-0.339,3.15533689767879e-189,0.00767351141909825
-0.338,8.40376958608851e-190,0.00769785896162812
-0.337,2.23374682348362e-190,0.00772175749818291
-0.336,5.92550229188208e-191,0.00774513442487546
-0.335,1.56872856244216e-191,0.00776791800970187
-0.334,4.14478348261045e-192,0.00779003765154239
-0.333,1.09291730918414e-192,0.00781142414181864
-0.332,2.87610125009249e-193,0.0078320099273813
-0.331,7.55357331016681e-194,0.00785172937312395
-0.33,1.97984931328989e-194,0.00787051902275574
-0.329,5.17896811280603e-195,0.00788831785611367
-0.328,1.35202819325868e-195,0.00790506754136066
-0.327,3.52257030490016e-196,0.00792071268039742
-0.326,9.15935733594574e-197,0.00793520104581242
-0.325,2.37684984493511e-197,0.0079484838077128
-0.324,6.15559306128794e-198,0.00796051574881091
-0.323,1.59099739081257e-198,0.00797125546619502
-0.322,4.1039347244008e-199,0.00798066555828269
-0.321,1.0564837768353e-199,0.00798871279554173
-0.32,2.71429240572606e-200,0.00799536827367091
-0.319,6.95956093545062e-201,0.00800060754805077
-0.318,1.78089560807417e-201,0.0080044107484107
-0.317,4.548063242541e-202,0.0080067626728066
-0.316,1.15916681181325e-202,0.00800765286016219
-0.315,2.94847053843781e-203,0.0080070756407971
-0.314,7.4847803145833e-204,0.00800503016453887
-0.313,1.89623751450719e-204,0.00800152040619904
-0.312,4.79443926717877e-205,0.00799655514837665
-0.311,1.20980206108357e-205,0.00799014794173727
-0.31,3.04664764499043e-206,0.00798231704309859
-0.309,7.65705118111136e-207,0.00797308533183155
-0.308,1.92057946719048e-207,0.00796248020525881
-0.307,4.80766750028983e-208,0.00795053345389625
-0.306,1.20106905495748e-208,0.00793728111753472
-0.305,2.99455947016106e-209,0.00792276332330269
-0.304,7.45125314266984e-210,0.00790702410697436
-0.303,1.85036372026747e-210,0.00789011121890234
-0.302,4.58581259177735e-211,0.00787207591604655
-0.301,1.13424509863046e-211,0.00785297274165097
-0.3,2.79981238982983e-212,0.00783285929417835
-0.299,6.89735154800681e-213,0.00781179598715659
-0.298,1.69577099937227e-213,0.00778984580161245
-0.297,4.16086338534151e-214,0.00776707403277538
-0.296,1.0188989640789e-214,0.00774354803272204
-0.295,2.49006220050249e-215,0.00771933695060335
-0.294,6.07324332790849e-216,0.007694511472053
-0.293,1.47830000643833e-216,0.00766914355931507
-0.292,3.59116935925365e-217,0.00764330619355874
-0.291,8.70643989167094e-218,0.00761707312076106
-0.29,2.10657408023298e-218,0.00759051860244654
-0.289,5.08679548850784e-219,0.00756371717246633
-0.288,1.22586664879432e-219,0.00753674340089012
-0.287,2.94831303799878e-220,0.00750967166596748
-0.286,7.07677466594068e-221,0.00748257593499396
-0.285,1.69522970063647e-221,0.00745552955479564
-0.284,4.05278111796484e-222,0.00742860505242205
-0.283,9.6696144142466e-223,0.00740187394651447
-0.282,2.30248375612986e-223,0.00737540656969674
-0.281,5.47161339996173e-224,0.00734927190221738
-0.28,1.29767412473194e-224,0.00732353741696152
-0.279,3.07147720526921e-225,0.00729826893584135
-0.278,7.25538326917078e-226,0.00727353049747572
-0.277,1.71042813961598e-226,0.00724938423597546
-0.276,4.02421075615046e-227,0.00722589027056473
-0.275,9.44904708834232e-228,0.00720310660569354
-0.274,2.21425033989007e-228,0.00718108904122629
-0.273,5.17841483071951e-229,0.00715989109223312
-0.272,1.20864390592087e-229,0.00713956391785964
-0.271,2.81534295433848e-230,0.00712015625870927
-0.27,6.54478911583382e-231,0.00710171438214045
-0.269,1.51841826542541e-231,0.00708428203485648
-0.268,3.51575491297152e-232,0.00706790040215133
-0.267,8.12413583815988e-233,0.00705260807316681
-0.266,1.87355812610323e-233,0.00703844101151847
-0.265,4.31209755392205e-234,0.00702543253065499
-0.264,9.9047015670111e-235,0.00701361327333136
-0.263,2.27052152128885e-235,0.00700301119459817
-0.262,5.19447023369232e-236,0.00699365154773694
-0.261,1.18600989434784e-236,0.00698555687260512
-0.26,2.70250666335718e-237,0.00697874698589225
-0.259,6.14577484813571e-238,0.0069732389728331
-0.258,1.39481923912191e-238,0.00696904717996935
-0.257,3.15929822709309e-239,0.006966183208603
-0.256,7.14158707003234e-240,0.00696465590863864
-0.255,1.61112923452028e-240,0.00696447137256709
-0.254,3.62743668815787e-241,0.00696563292940397
-0.253,8.15171719078739e-242,0.00696814113845378
-0.252,1.83231626715675e-242,0.00697199378283531
-0.251,4.2942531226004e-243,0.00697718586276405
-0.25,1.82729635847066e-243,0.00698370958865151
-0.249,4.2942531226004e-243,0.00699155437414374
-0.248,1.83231626715675e-242,0.00700070682928329
-0.247,8.15171719078739e-242,0.00701115075404068
-0.246,3.62743668815787e-241,0.007022867132521
-0.245,1.61112923452028e-240,0.00703583412820807
-0.244,7.14158707003234e-240,0.0070500270806655
-0.243,3.15929822709309e-239,0.00706541850416491
-0.242,1.39481923912191e-238,0.00708197808876068
-0.241,6.14577484813571e-238,0.00709967270437563
-0.24,2.70250666335718e-237,0.00711846640850145
-0.239,1.18600989434784e-236,0.00713832045815272
-0.238,5.19447023369232e-236,0.00715919332674292
-0.237,2.27052152128885e-235,0.00718104072657199
-0.236,9.9047015670111e-235,0.00720381563763347
-0.235,4.31209755392205e-234,0.00722746834345417
-0.234,1.87355812610323e-233,0.00725194647468298
-0.233,8.12413583815988e-233,0.00727719506113503
-0.232,3.51575491297152e-232,0.00730315659298188
-0.231,1.51841826542541e-231,0.00732977109175115
-0.23,6.54478911583382e-231,0.00735697619176427
-0.229,2.81534295433848e-230,0.00738470723259405
-0.228,1.20864390592087e-229,0.0074128973630698
-0.227,5.17841483071951e-229,0.00744147765729008
-0.226,2.21425033989007e-228,0.00747037724303
-0.225,9.44904708834232e-228,0.00749952344284232
-0.224,4.02421075615046e-227,0.00752884192805898
-0.223,1.71042813961598e-226,0.00755825688579507
-0.222,7.25538326917078e-226,0.00758769119894601
-0.221,3.07147720526921e-225,0.00761706663904952
-0.22,1.29767412473194e-224,0.00764630407175852
-0.219,5.47161339996173e-224,0.00767532367454062
-0.218,2.30248375612986e-223,0.00770404516608419
-0.217,9.6696144142466e-223,0.00773238804675434
-0.216,4.05278111796484e-222,0.00776027184930289
-0.215,1.69522970063647e-221,0.00778761639889922
-0.214,7.07677466594068e-221,0.00781434208141239
-0.213,2.94831303799878e-220,0.00784037011874333
-0.212,1.22586664879432e-219,0.00786562284988133
-0.211,5.08679548850842e-219,0.00789002401624046
-0.21,2.10657408023298e-218,0.00791349904972357
-0.209,8.70643989167292e-218,0.00793597536186593
-0.208,3.59116935925365e-217,0.00795738263232749
-0.207,1.47830000643833e-216,0.00797765309493399
-0.206,6.07324332790849e-216,0.00799672181941643
-0.205,2.49006220050249e-215,0.008014526986965
-0.204,1.0188989640789e-214,0.00803101015769748
-0.203,4.16086338534151e-214,0.00804611652814856
-0.202,1.69577099937227e-213,0.00805979517691091
-0.201,6.89735154800681e-213,0.00807199929660483
-0.2,2.79981238982983e-212,0.00808268641042078
-0.199,1.13424509863046e-211,0.00809181857156463
-0.198,4.58581259177735e-211,0.00809936254404371
-0.197,1.85036372026747e-210,0.00810528996335664
-0.196,7.45125314266984e-210,0.00810957747579283
-0.195,2.99455947016106e-209,0.00811220685520747
-0.194,1.20106905495748e-208,0.00811316509631094
-0.193,4.80766750028983e-208,0.00811244448369742
-0.192,1.92057946719048e-207,0.00811004263603345
-0.191,7.65705118111136e-207,0.00810596252503047
-0.19,3.04664764499043e-206,0.00810021246903311
-0.189,1.20980206108357e-205,0.00809280610126728
-0.188,4.79443926717877e-205,0.00808376231300046
-0.187,1.89623751450719e-204,0.00807310517207589
-0.186,7.4847803145833e-204,0.00806086381748272
-0.185,2.94847053843781e-203,0.00804707233081835
-0.184,1.15916681181325e-202,0.0080317695856821
-0.183,4.548063242541e-202,0.00801499907620948
-0.182,1.78089560807417e-201,0.00799680872611074
-0.181,6.95956093545062e-201,0.00797725067971738
-0.18,2.71429240572606e-200,0.00795638107665988
-0.179,1.0564837768353e-199,0.00793425981190164
-0.178,4.1039347244008e-199,0.00791095028293435
-0.177,1.59099739081257e-198,0.00788651912600172
-0.176,6.15559306128794e-198,0.00786103594325685
-0.175,2.37684984493511e-197,0.00783457302277699
-0.174,9.15935733594418e-197,0.00780720505335752
-0.173,3.52257030490016e-196,0.0077790088359856
-0.172,1.35202819325852e-195,0.00775006299385108
-0.171,5.17896811280603e-195,0.00772044768269558
-0.17,1.97984931328955e-194,0.00769024430322362
-0.169,7.55357331016681e-194,0.00765953521721059
-0.168,2.876101250092e-193,0.00762840346883788
-0.167,1.09291730918414e-192,0.00759693251267159
-0.166,4.14478348260974e-192,0.007565205949576
-0.165,1.56872856244216e-191,0.00753330727172106
-0.164,5.92550229188107e-191,0.00750131961770582
-0.163,2.23374682348362e-190,0.00746932553867753
-0.162,8.40376958608755e-190,0.00743740677618292
-0.161,3.15533689767879e-189,0.00740564405234415
-0.16,1.18235732586732e-188,0.00737411687280982
-0.159,4.42163783981693e-188,0.00734290334279242
-0.158,1.6502471861053e-187,0.00731207999636821
-0.157,6.14675983235338e-187,0.007281721639087
-0.156,2.28494052019652e-186,0.00725190120381646
-0.155,8.47685911201143e-186,0.00722268961963237
-0.154,3.13853113937636e-185,0.00719415569345827
-0.153,1.15970980703316e-184,0.00716636600406341
-0.152,4.27664920725895e-184,0.00713938480793971
-0.151,1.57394422548204e-183,0.00711327395650176
-0.15,5.78104645847826e-183,0.00708809282398694
-0.149,2.11911727335943e-182,0.00706389824537701
-0.148,7.75237789513454e-182,0.0070407444636153
-0.147,2.83039004851568e-181,0.0070186830853578
-0.146,1.03130958407495e-180,0.00699776304447084
-0.145,3.7502759933267e-180,0.00697803057246989
-0.144,1.36103350664167e-179,0.00695952917508735
-0.143,4.92953341949869e-179,0.00694229961415741
-0.142,1.78186264954939e-178,0.00692637989401619
-0.141,6.42797301294241e-178,0.00691180525163096
-0.14,2.31422337597337e-177,0.00689860814969732
-0.139,8.31510846046642e-177,0.0068868182719737
-0.138,2.98168645076389e-176,0.00687646252015908
-0.137,1.06705655058299e-175,0.00686756501166268
-0.136,3.81104706092942e-175,0.00686014707766227
-0.135,1.3584154056411e-174,0.00685422726089932
-0.134,4.83228227869495e-174,0.0068498213127163
-0.133,1.71555009542413e-173,0.0068469421889015
-0.132,6.07835308152857e-173,0.00684560004396996
-0.131,2.14931393570044e-172,0.00684580222357647
-0.13,7.58481855942592e-172,0.00684755325482369
-0.129,2.67129560102268e-171,0.00685085483430174
-0.128,9.38923291836354e-171,0.00685570581376695
-0.127,3.29359115366761e-170,0.00686210218344124
-0.126,1.15303017587286e-169,0.00687003705299122
-0.125,4.02849723775911e-169,0.00687950063031855
-0.124,1.404678315408e-168,0.00689048019837249
-0.123,4.88812267908109e-168,0.00690296009026902
-0.122,1.69761313556084e-167,0.0069169216630782
-0.121,5.88392011837436e-167,0.00693234327071425
-0.12,2.03528963098952e-166,0.00694920023643737
-0.119,7.02614459470115e-166,0.00696746482554535
-0.118,2.42069100964218e-165,0.00698710621890273
-0.117,8.32325197281732e-165,0.00700809048801936
-0.116,2.85613110229829e-164,0.00703038057245181
-0.115,9.78125645415474e-164,0.00705393626035736
-0.114,3.34304762858805e-163,0.00707871417308142
-0.113,1.14030727048549e-162,0.00710466775470494
-0.112,3.88179533414635e-162,0.00713174726751614
-0.111,1.3187873875745e-161,0.00715989979440148
-0.11,4.47144967714423e-161,0.00718906924917375
-0.109,1.51305014287261e-160,0.00721919639586647
-0.108,5.109632969026e-160,0.00725021887802781
-0.107,1.72209656663709e-159,0.00728207125903781
-0.106,5.79237549326085e-159,0.0073146850744534
-0.105,1.94440766763294e-158,0.00734798889735296
-0.104,6.51402398961819e-158,0.0073819084176063
-0.103,2.17792436399243e-157,0.00741636653593836
-0.102,7.26720889289624e-157,0.0074512834735811
-0.101,2.42004758606254e-156,0.00748657689822183
-0.1,8.0428798040184e-156,0.00752216206685569
-0.099,2.66766113907142e-155,0.00755795198603489
-0.098,8.83041586771645e-155,0.00759385758987943
-0.097,2.91717889565558e-154,0.00762978793607191
-0.096,9.61781413196449e-154,0.00766565041990686
-0.095,3.16461664379112e-153,0.00770135100629819
-0.094,1.03919547459221e-152,0.00773679447947473
-0.093,3.405687511863e-152,0.00777188470991083
-0.092,1.11389372630821e-151,0.00780652493784694
-0.091,3.63591841762744e-151,0.00784061807256327
-0.09,1.18444776595323e-150,0.00787406700636888
-0.089,3.85078354461004e-150,0.00790677494207377
-0.088,1.24943512937631e-149,0.00793864573251507
-0.087,4.04584954797297e-149,0.00796958423051812
-0.086,1.30748632718865e-148,0.00799949664749217
-0.085,4.2169261395576e-148,0.00802829091868757
-0.084,1.35733248650825e-147,0.00805587707298413
-0.083,4.36021499398018e-147,0.00808216760493828
-0.082,1.39785130248846e-146,0.00810707784669376
-0.081,4.47244962784172e-146,0.00813052633725945
-0.08,1.42810898452849e-145,0.00815243518658028
-0.079,4.55101907632359e-145,0.00817273043177566
-0.078,1.44739601134613e-144,0.00819134238289553
-0.077,4.59406883444854e-144,0.00820820595554919
-0.076,1.45525478420807e-143,0.00822326098779678
-0.075,4.60057361537324e-143,0.00823645253875834
-0.074,1.45149767359335e-142,0.00824773116649138
-0.073,4.5703779400706e-142,0.00825705318281348
-0.072,1.43621446552614e-141,0.00826438088290143
-0.071,4.50420231471771e-141,0.0082696827476814
-0.07,1.40976879495108e-140,0.00827293361723294
-0.069,4.40361465308566e-140,0.0082741148336626
-0.068,1.37278376397267e-139,0.00827321435215504
-0.067,4.27096852660194e-139,0.00827022681918122
-0.066,1.32611753917181e-138,0.00826515361712806
-0.065,4.10931163773403e-138,0.00825800287490903
-0.064,1.27083026234942e-137,0.00824878944441822
-0.063,3.92226948586392e-137,0.00823753484299449
-0.062,1.20814405563537e-136,0.00822426716236562
-0.061,3.7139104224687e-136,0.0082090209448394
-0.06,1.13939822561189e-135,0.00819183702779833
-0.059,3.48859909701294e-135,0.00817276235782507
-0.058,1.06600195294017e-134,0.00815184977604771
-0.057,3.25084563463297e-134,0.00812915777652661
-0.056,9.89386786614519e-134,0.00810475023972006
-0.055,3.00515775698649e-133,0.00807869614325366
-0.054,9.10961149869216e-133,0.00805106925237689
-0.053,2.75590249066643e-132,0.0080219477926208
-0.052,8.32068823346521e-132,0.00799141410727071
-0.051,2.5071831671336e-131,0.00795955430233454
-0.05,7.53953024825257e-131,0.00792645788172591
-0.049,2.26273619289358e-130,0.00789221737538399
-0.048,6.77727284506067e-130,0.00785692796303132
-0.047,2.0258506629088e-129,0.00782068709621274
-0.046,6.04353854847193e-129,0.00778359412118227
-0.045,1.79931241418335e-128,0.0077457499050955
-0.044,5.34629928861685e-128,0.0077072564678378
-0.043,1.5853726764835e-127,0.00766821662166878
-0.042,4.69181502632705e-127,0.00762873362069679
-0.041,1.38574016744341e-126,0.00758891082201552
-0.04,4.0846433358556e-126,0.00754885136014108
-0.039,1.20159437507643e-125,0.00750865783618618
-0.038,3.52771136029431e-125,0.00746843202299945
-0.037,1.03361692407943e-124,0.0074282745872868
-0.036,3.02243932186983e-124,0.00738828482952067
-0.035,8.82037360379058e-124,0.00734856044223298
-0.034,2.56890345033266e-123,0.00730919728708376
-0.033,7.46689413945141e-123,0.00727028919089923
-0.032,2.1660257609567e-122,0.00723192776068383
-0.031,6.2707379421356e-122,0.00719420221743239
-0.03,1.81177848064145e-121,0.00715719924840102
-0.029,5.22423799451917e-121,0.00712100287734165
-0.028,1.50339195095411e-120,0.00708569435206457
-0.027,4.31770432971575e-120,0.00705135204856724
-0.026,1.23755636618751e-119,0.00701805139085703
-0.025,3.54004260667731e-119,0.00698586478549876
-0.024,1.01060955626672e-118,0.00695486156983701
-0.023,2.87931860268257e-118,0.00692510797277744
-0.022,8.18705026399083e-118,0.00689666708695797
-0.021,2.32325350674958e-117,0.00686959885110443
-0.02,6.57956462588772e-117,0.0068439600413389
-0.019,1.85964104748078e-116,0.00681980427019884
-0.018,5.24556776016089e-116,0.00679718199212309
-0.017,1.47668305110178e-115,0.00677614051417352
-0.016,4.14871393436608e-115,0.00675672401078163
-0.015,1.16324474927001e-114,0.006738973541341
-0.014,3.25506842806838e-114,0.00672292706950532
-0.013,9.09034896905506e-114,0.00670861948310044
-0.012,2.53356703466122e-113,0.00669608261361314
-0.011,7.04718470815708e-113,0.00668534525428083
-0.01,1.95627687239489e-112,0.00667643317587393
-0.009,5.41971435427503e-112,0.00666936913933586
-0.008,1.49849012661209e-111,0.00666417290452209
-0.007,4.13487880670309e-111,0.00666086123436272
-0.006,1.13868367694014e-110,0.00665944789385918
-0.005,3.12949899395594e-110,0.00665994364341405
-0.004,8.58376755343155e-110,0.00666235622608758
-0.003,2.3497004052879e-109,0.0066666903484705
-0.002,6.41916362616782e-109,0.00667294765496031
-0.001,1.75015217259459e-108,0.00668112669533261
0,4.7621666341462e-108,0.00669122288560162
0.001,1.29319725849664e-107,0.00670322846227128
0.002,3.50474458748823e-107,0.00671713243018763
0.003,9.4793679957466e-107,0.00673292050431339
0.004,2.55878504473121e-106,0.00675057504585884
0.005,6.89318025452526e-106,0.00677007499331564
0.006,1.85326224332617e-105,0.00679139578905586
0.007,4.97262296744355e-105,0.00681450930227274
0.008,1.33157488789652e-104,0.00683938374915437
0.009,3.55858277234856e-104,0.00686598361129529
0.01,9.49117451071174e-104,0.0068942695534625
0.011,2.52635429893337e-103,0.00692419834194193
0.012,6.71119666052865e-103,0.00695572276479625
0.013,1.77925045328499e-102,0.0069887915554655
0.014,4.70766570884591e-102,0.00702334932123579
0.015,1.24309854451654e-101,0.00705933647818746
0.016,3.27594733208672e-101,0.0070966891943109
0.017,8.61588066156606e-101,0.00713533934254403
0.018,2.26148572101367e-100,0.00717521446553822
0.019,5.92405983012753e-100,0.00721623775399848
0.02,1.54873257513604e-99,0.00725832804046483
0.021,4.04077660708941e-99,0.0073013998104065
0.022,1.0521669610897e-98,0.00734536323248446
0.023,2.73423533010367e-98,0.00739012420979872
0.024,7.09118036656616e-98,0.00743558445387769
0.025,1.83540784742736e-97,0.0074816415830791
0.026,4.74108834020235e-97,0.00752818924696164
0.027,1.22223557939063e-96,0.00757511727804648
0.028,3.14458405044285e-96,0.0076223118722238
0.029,8.07426322931876e-96,0.007669655798863
0.03,2.06906441360169e-95,0.00771702864146657
0.031,5.2914723331953e-95,0.00776430706945756
0.032,1.35054935324446e-94,0.00781136514141785
0.033,3.44013748792501e-94,0.00785807463979563
0.034,8.74525649055497e-94,0.00790430543678131
0.035,2.21871088549307e-93,0.00794992589071149
0.036,5.61772256939564e-93,0.00799480327200622
0.037,1.41955189089536e-92,0.00803880421727839
0.038,3.57992285758044e-92,0.0080817952098785
0.039,9.01005568556085e-92,0.00812364308476384
0.04,2.26314662989053e-91,0.00816421555520344
0.041,5.67321603581149e-91,0.00820338175846713
0.042,1.41931032361045e-90,0.00824101281729316
0.043,3.54369889076366e-90,0.00827698241359772
0.044,8.83014173512848e-90,0.00831116737058425
0.045,2.19588679777641e-89,0.00834344823913583
0.046,5.44983848816217e-89,0.00837370988414015
0.047,1.34985999550949e-88,0.00840184206620261
0.048,3.33676201455813e-88,0.00842774001406089
0.049,8.23176853184979e-88,0.00845130498292336
0.05,2.02671405015702e-87,0.00847244479391812
0.051,4.97992976263399e-87,0.00849107434986645
0.052,1.22119598491557e-86,0.00850711612267985
0.053,2.9886766398315e-86,0.00852050060782816
0.054,7.2996813320253e-86,0.00853116674153805
0.055,1.7793455017837e-85,0.0085390622766514
0.056,4.32860622003803e-85,0.00854414411340369
0.057,1.05091425889373e-84,0.00854637858176759
0.058,2.54634884608909e-84,0.00854574167244004
0.059,6.15743631363706e-84,0.00854221921403391
0.06,1.4859813787187e-83,0.00853580699454942
0.061,3.57897130830372e-83,0.00852651082575322
0.062,8.60269404347035e-83,0.00851434654966069
0.063,2.06367902024389e-82,0.0084993399869069
0.064,4.94061749352857e-82,0.00848152682737971
0.065,1.18046122303062e-81,0.0084609524640808
0.066,2.81483945806926e-81,0.00843767177175251
0.067,6.69864474509089e-81,0.00841174883236722
0.068,1.59093220373892e-80,0.00838325661009921
0.069,3.77092427083627e-80,0.00835227657888966
0.07,8.92021577293301e-80,0.00831889830615879
0.071,2.10588339271152e-79,0.00828321899661503
0.072,4.96163360866218e-79,0.00824534300044951
0.073,1.16666581532079e-78,0.00820538129048328
0.074,2.73778705550045e-78,0.00816345091305274
0.075,6.41186352430646e-78,0.00811967441757012
0.076,1.49865023115615e-77,0.00807417926978335
0.077,3.49580912121503e-77,0.00802709725378317
0.078,8.13816607816061e-77,0.00797856386776291
0.079,1.8907617006776e-76,0.00792871771843734
0.08,4.3840798529556e-76,0.00787769991886793
0.081,1.01449877330392e-75,0.00782565349423122
0.082,2.34291216631147e-75,0.00777272279980928
0.083,5.39997687481727e-75,0.00771905295518146
0.084,1.24210755516796e-74,0.00766478929826087
0.085,2.85139850697322e-74,0.00761007686245393
0.086,6.53262973486428e-74,0.00755505987983422
0.087,1.49365253365333e-73,0.00749988131281806
0.088,3.40833698662868e-73,0.00744468241641479
0.089,7.76187931879789e-73,0.00738960233270894
0.09,1.76409778926198e-72,0.0073347777188159
0.091,4.00138036219124e-72,0.007280342409146
0.092,9.05791890412171e-72,0.00722642711241759
0.093,2.04634300303082e-71,0.00717315914348284
0.094,4.61381147300655e-71,0.00712066218967379
0.095,1.03818002702908e-70,0.00706905611104353
0.096,2.33140060767001e-70,0.00701845677357219
0.097,5.22507528390291e-70,0.00696897591413089
0.098,1.16869075935766e-69,0.0069207210357478
0.099,2.60878374112868e-69,0.0068737953315054
0.1,5.81176384840237e-69,0.00682829763521069
0.101,1.29213904580451e-68,0.00678432239682425
0.102,2.86709413450241e-68,0.00674195968050829
0.103,6.34901079313854e-68,0.00670129518305582
0.104,1.4031418870182e-67,0.00666241027039154
0.105,3.09477104355952e-67,0.00662538202979154
0.106,6.81219185836956e-67,0.00659028333544511
0.107,1.49649967954365e-66,0.00655718292498354
0.108,3.28093628423651e-66,0.00652614548461899
0.109,7.17877556340905e-66,0.00649723174057431
0.11,1.56759679243656e-65,0.00647049855453634
0.111,3.41625096652285e-65,0.00644599902093155
0.112,7.43013286778896e-65,0.00642378256390034
0.113,1.61277879067497e-64,0.00640389503193371
0.114,3.49369057274031e-64,0.00638637878823191
0.115,7.5531043292067e-64,0.00637127279494838
0.116,1.62966350554473e-63,0.00635861268959012
0.117,3.50914899035576e-63,0.00634843085196115
0.118,7.54114144010169e-63,0.00634075646015315
0.119,1.61734911823355e-62,0.00633561553421041
0.12,3.46179922866616e-62,0.00633303096622198
0.121,7.39488438772847e-62,0.00633302253572299
0.122,1.57649396075562e-61,0.00633560690942186
0.123,3.35416671740368e-61,0.00634079762440565
0.124,7.12210529490171e-61,0.00634860505411859
0.125,1.50925820659139e-60,0.00635903635655548
0.126,3.19190614579579e-60,0.00637209540426386
0.127,6.73702394489408e-60,0.00638778269590823
0.128,1.41911463859819e-59,0.00640609524931557
0.129,2.98330928655956e-59,0.00642702647609569
0.13,6.2590798357597e-59,0.00645056603811381
0.131,1.31055156452365e-58,0.00647669968628428
0.132,2.73860342134893e-58,0.00650540908235845
0.133,5.71130811983577e-58,0.00653667160459186
0.134,1.18870323828775e-57,0.00657046013840025
0.135,2.4691229268271e-57,0.00660674285334846
0.136,5.11850803527982e-57,0.00664548296806035
0.137,1.0589500562106e-56,0.00668663850489247
0.138,2.18644711436934e-56,0.00673016203647575
0.139,4.50540552759383e-56,0.00677600042649915
0.14,9.26531542762108e-56,0.00682409456738231
0.141,1.90159462641884e-55,0.00687437911775911
0.142,3.894996618815e-55,0.00692678224297022
0.143,7.96210021562375e-55,0.00698122536203047
0.144,1.62434997154867e-54,0.00703762290479852
0.145,3.30721920926382e-54,0.00709588208332317
0.146,6.72013146941579e-54,0.0071559026815683
0.147,1.36277440473875e-53,0.00721757686792121
0.148,2.75804646132755e-53,0.0072807890350624
0.149,5.57071061753187e-53,0.00734541567190752
0.15,1.1229257233065e-52,0.00741132527242515
0.151,2.2590345511517e-52,0.00747837828617092
0.152,4.53550998348055e-52,0.00754642711536249
0.153,9.08784250885071e-52,0.00761531616323495
0.154,1.81730101070553e-51,0.00768488193826434
0.155,3.6268062470703e-51,0.00775495321861678
0.156,7.22359274510135e-51,0.00782535128086819
0.157,1.43586484378369e-50,0.00789589019664735
0.158,2.84842823673601e-50,0.00796637720036731
0.159,5.63934174189555e-50,0.0080366131306411
0.16,1.11425080273953e-49,0.00810639294731666
0.161,2.19719655213076e-49,0.00817550632531862
0.162,4.32400585252784e-49,0.00824373832565847
0.163,8.49249008265139e-49,0.00831087014307101
0.164,1.6646204846116e-48,0.00837667992876613
0.165,3.25631816627288e-48,0.00844094368576039
0.166,6.35725805065582e-48,0.00850343623318652
0.167,1.23863760169814e-47,0.0085639322348839
0.168,2.40851907587339e-47,0.00862220728646954
0.169,4.67398518891144e-47,0.00867803905399375
0.17,9.05223842843218e-47,0.00873120845621742
0.171,1.74966960731719e-46,0.00878150088153178
0.172,3.37510682033243e-46,0.00882870742959693
0.173,6.49756164050891e-46,0.00887262616692364
0.174,1.2483739709865e-45,0.0089130633848879
0.175,2.39370381866845e-45,0.00894983484806553
0.176,4.58065445168323e-45,0.00898276702032933
0.177,8.74814677940848e-45,0.00901169825587279
0.178,1.66738542917194e-44,0.00903647994223466
0.179,3.17166532259189e-44,0.00905697758250058
0.18,6.02102065099405e-44,0.00907307180416284
0.181,1.14073374954445e-43,0.00908465928262977
0.182,2.15689933063667e-43,0.00909165356808762
0.183,4.07011679380895e-43,0.00909398580532796
0.184,7.66505505778973e-43,0.0090916053372502
0.185,1.44063876540101e-42,0.00908448018401619
0.186,2.70225498025704e-42,0.00907259739125434
0.187,5.05858400039053e-42,0.00905596324226169
0.188,9.45067910906094e-42,0.00903460333080522
0.189,1.76209159432674e-41,0.00900856249285219
0.19,3.27887871681949e-41,0.0089779045973312
0.191,6.08910743950065e-41,0.00894271219780683
0.192,1.12853058169538e-40,0.00890308604871319
0.193,2.08739403823628e-40,0.00885914449149537
0.194,3.85324795116397e-40,0.00881102271762938
0.195,7.09873370213133e-40,0.00875887191699407
0.196,1.30516741947841e-39,0.00870285832143108
0.197,2.39487568469518e-39,0.00864316215452332
0.198,4.38562138760489e-39,0.00857997649963257
0.199,8.01513254733626e-39,0.00851350609904544
0.2,1.46191355305217e-38,0.00844396609767191
0.201,2.66111772083873e-38,0.00837158074512001
0.202,4.83434780942832e-38,0.00829658207012841
0.203,8.76482217719388e-38,0.00821920854128108
0.204,1.58591438072674e-37,0.00813970372766511
0.205,2.86383357277706e-37,0.00805831497266998
0.206,5.16115884862887e-37,0.00797529209348735
0.207,9.28278061678753e-37,0.00789088611806889
0.208,1.66625075288063e-36,0.0078053480703566
0.209,2.98492924889815e-36,0.0077189278135436
0.21,5.33653221644159e-36,0.00763187295997156
0.211,9.52172513791265e-36,0.00754442785505369
0.212,1.69552249735624e-35,0.00745683264135298
0.213,3.01316478912127e-35,0.00736932240766504
0.214,5.34408825754932e-35,0.00728212642668341
0.215,9.45922968742709e-35,0.00719546748357615
0.216,1.6709726104468e-34,0.00710956129660155
0.217,2.94587491644842e-34,0.00702461602974889
0.218,5.18311308992105e-34,0.00694083189632782
0.219,9.10119622667124e-34,0.00685840085145379
0.22,1.59491551370491e-33,0.00677750637049736
0.221,2.78938395103075e-33,0.00669832330978899
0.222,4.86866983539094e-33,0.00662101784520239
0.223,8.48093552760079e-33,0.00654574748367507
0.224,1.47437721332755e-32,0.00647266114227003
0.225,2.55802550138974e-32,0.00640189928902823
0.226,4.42927393075937e-32,0.00633359413960609
0.227,7.65405576244278e-32,0.00626786990352766
0.228,1.32002487270855e-31,0.00620484307380133
0.229,2.2719774585158e-31,0.00614462275364402
0.23,3.90262958846636e-31,0.00608731101411821
0.231,6.69024556257328e-31,0.00603300327660263
0.232,1.14461173838515e-30,0.00598178871418216
0.233,1.95436530076928e-30,0.00593375066624423
0.234,3.33031031183416e-30,0.00588896706079792
0.235,5.66363258821624e-30,0.00584751083928234
0.236,9.61251106933808e-30,0.00580945037889092
0.237,1.62820860218748e-29,0.0057748499077042
0.238,2.7524196385748e-29,0.00574376990818591
0.239,4.6435557277198e-29,0.00571626750485208
0.24,7.81840362266583e-29,0.00569239683216517
0.241,1.31376268719544e-28,0.00567220937893003
0.242,2.20316574360711e-28,0.00565575430567504
0.243,3.68730301434224e-28,0.00564307873168554
0.244,6.15888220221243e-28,0.00563422798851879
0.245,1.02665937642313e-27,0.00562924583696967
0.246,1.70797798750483e-27,0.00562817464457279
0.247,2.83576064811545e-27,0.00563105552082608
0.248,4.69881433341995e-27,0.00563792840739969
0.249,7.7703111405418e-27,0.00564883212066175
0.25,1.28238947423012e-26,0.00566380434390842
0.251,2.11218955748078e-26,0.00568288156673825
0.252,3.47198027080997e-26,0.00570609896906433
0.253,5.69577752030454e-26,0.00573349024731887
0.254,9.32524384150973e-26,0.00576508738048172
0.255,1.5236976137724e-25,0.00580092033366415
0.256,2.48467041610244e-25,0.00584101669711105
0.257,4.04361875070088e-25,0.00588540125865895
0.258,6.56754452018229e-25,0.00593409550791018
0.259,1.06455293152617e-24,0.00598711707067047
0.26,1.72211799964643e-24,0.00604447907255382
0.261,2.78028913703914e-24,0.00610618943109757
0.262,4.47969484173818e-24,0.00617225007626239
0.263,7.20341290591878e-24,0.006242656099825
0.264,1.15600469935675e-23,0.00631739483491626
0.265,1.85145133221783e-23,0.00639644486782022
0.266,2.95935054985461e-23,0.00647977498513982
0.267,4.72076015033097e-23,0.00656734306055369
0.268,7.51551714165968e-23,0.00665909488663866
0.269,1.19409042201685e-22,0.00675496295861708
0.27,1.89342004690034e-22,0.00685486521839465
0.271,2.99631962068184e-22,0.00695870376888276
0.272,4.7321741233862e-22,0.00706636357032942
0.273,7.45872689716353e-22,0.00717771113220122
0.274,1.17327578098421e-21,0.00729259321603602
0.275,1.84190368730038e-21,0.00741083556659688
0.276,2.88579276115384e-21,0.00753224169056168
0.277,4.51226682611742e-21,0.0076565917038365
0.278,7.04134814313721e-21,0.00778364127033954
0.279,1.09660007945907e-20,0.00791312065670037
0.28,1.70440240968868e-20,0.00804473392870843
0.281,2.64379280962496e-20,0.0081781583164453
0.282,4.09273952541779e-20,0.00831304377578992
0.283,6.32313137668053e-20,0.00844901277431573
0.284,9.74948591006969e-20,0.00858566032943731
0.285,1.50024655327825e-19,0.00872255432594098
0.286,2.30396018865152e-19,0.00885923613868828
0.287,3.53117071564294e-19,0.00899522158425397
0.288,5.40124489684334e-19,0.00913000222251393
0.289,8.24518557594489e-19,0.00926304702569562
0.29,1.25614105975148e-18,0.00939380442813746
0.291,1.90988755855507e-18,0.00952170476497873
0.292,2.89806818077491e-18,0.0096461631022503
0.293,4.38874965749618e-18,0.00976658245441327
0.294,6.63291496492635e-18,0.00988235737837808
0.295,1.00045938294918e-17,0.00999287792554615
0.296,1.50600323502315e-17,0.0100975339255776
0.297,2.26247484311547e-17,0.0101957195675699
0.298,3.39213418859855e-17,0.0102868382363187
0.299,5.07567376384769e-17,0.0103703075535231
0.3,7.57959128082592e-17,0.0104455645664167
0.301,1.12961197011184e-16,0.0105120710195799
0.302,1.6801350624028e-16,0.0105693186398429
0.303,2.49396592524262e-16,0.0106168343594471
0.304,3.694606984015e-16,0.0106541853992033
0.305,5.46232314923264e-16,0.0106809841314485
0.306,8.05968266754469e-16,0.0106968926423092
0.307,1.18683380296945e-15,0.010701626914247
0.308,1.74418795401436e-15,0.010694960553147
0.309,2.55816215246282e-15,0.010676727989329
0.31,3.74450372491725e-15,0.0106468270887775
0.311,5.47005729878619e-15,0.0106052211194821
0.312,7.97482010840793e-15,0.0105519400279248
0.313,1.16032947908581e-14,0.0104870809922026
0.314,1.68489626562683e-14,0.0104108082307968
0.315,2.44172314855877e-14,0.0103233520592814
0.316,3.53143392136623e-14,0.0102250072009693
0.317,5.09726437359276e-14,0.0101161303712738
0.318,7.34268073340027e-14,0.00999713716904934
0.319,1.05561011252958e-13,0.00986849832101041
0.32,1.51455081839134e-13,0.00973073533716706
0.321,2.16868047267231e-13,0.00958441564574682
0.322,3.09912218570039e-13,0.00943014728502143
0.323,4.41990810650043e-13,0.00926857323660076
0.324,6.29099285909671e-13,0.00910036548992853
0.325,8.93627562375099e-13,0.00892621893081286
0.326,1.26685039026834e-12,0.00874684514781214
0.327,1.7923611206937e-12,0.00856296624920161
0.328,2.53079583482374e-12,0.00837530878015765
0.329,3.56631843324719e-12,0.00818459782486661
0.33,5.01550348654369e-12,0.00799155137169017
0.331,7.03947654142961e-12,0.00779687501154014
0.332,9.86046977985149e-12,0.00760125703050688
0.333,1.37843489225201e-11,0.00740536394783568
0.334,1.92311971604191e-11,0.00720983653986029
0.335,2.67767456841191e-11,0.00701528637977825
0.336,3.7208372847353e-11,0.00682229291248185
0.337,5.16006264281846e-11,0.00663140107330373
0.338,7.14168483284118e-11,0.00644311944974105
0.339,9.86456180669179e-11,0.00625791897619069
0.34,1.3598353503596e-10,0.00607623214362607
0.341,1.87079528491129e-10,0.0058984526991026
0.342,2.56860673772922e-10,0.00572493580407788
0.343,3.51965729856035e-10,0.00555599861582105
0.344,4.81320713761974e-10,0.00539192125267091
0.345,6.5690132207597e-10,0.00523294810156004
0.346,8.94740571933628e-10,0.00507928942499618
0.347,1.21625751522553e-09,0.00493112322450423
0.348,1.65000535524919e-09,0.0047885973182836
0.349,2.23396611687911e-09,0.00465183159241617
0.35,3.01855588580646e-09,0.00452092038724785
0.351,4.07055166100081e-09,0.00439593498344037
0.352,5.47821070256866e-09,0.00427692615552893
0.353,7.35792919305725e-09,0.0041639267645047
0.354,9.86288313934038e-09,0.00405695436486624
0.355,1.31942157594475e-08,0.00395601380564871
0.356,1.76154883248589e-08,0.00386109980906002
0.357,2.347130317624e-08,0.00377219951446059
0.358,3.12112477142909e-08,0.00368929497945491
0.359,4.14206079483895e-08,0.003612365633783
0.36,5.48596734744339e-08,0.00354139068547382
0.361,7.25139192807915e-08,0.00347635148233976
0.362,9.56579237471641e-08,0.00341723383534681
0.363,1.25936590907289e-07,0.00336403031369976
0.364,1.6546811762548e-07,0.00331674252465573
0.365,2.16974217585757e-07,0.00327538339415155
0.366,2.83944425318135e-07,0.00323997946734103
0.367,3.70842903975598e-07,0.00321057325113182
0.368,4.83368128189398e-07,0.00318722562384387
0.369,6.28778176238452e-07,0.0031700183402409
0.37,8.16297223813699e-07,0.00315905666348127
0.371,1.05762227796032e-06,0.00315447215906785
0.372,1.36755333246871e-06,0.0031564256897273
0.373,1.7647750900477e-06,0.00316511065440576
0.374,2.27282432584676e-06,0.00318075651932327
0.375,2.92128402592409e-06,0.00320363269438815
0.376,3.74725381058824e-06,0.00323405281434583
0.377,4.79715605859384e-06,0.0032723794909506
0.378,6.12894882322944e-06,0.0033190296103376
0.379,7.81483034332761e-06,0.00337448025878808
0.38,9.94453599924941e-06,0.00343927537039128
0.381,1.26293472753321e-05,0.00351403320189571
0.382,1.60069540274191e-05,0.00359945475351838
0.383,2.02473365099867e-05,0.00369633326987341
0.384,2.55598626159139e-05,0.0038055649727456
0.385,3.22018290757122e-05,0.00392816119745582
0.386,4.04887134299023e-05,0.00406526212735886
0.387,5.08064469263161e-05,0.00421815234692922
0.388,6.36260676148219e-05,0.0043882784633128
0.389,7.95211683309214e-05,0.00457726907957598
0.39,9.91886164849871e-05,0.00478695744063176
0.391,0.000123473092091877,0.00501940711546966
0.392,0.000153396067733056,0.0052769411274083
0.393,0.000190189939526641,0.00556217499820965
0.394,0.000235338111991215,0.00587805423266399
0.395,0.000290621942114773,0.00622789683832741
0.396,0.000358175559022501,0.00661544155114319
0.397,0.000440549695235505,0.00704490252239341
0.398,0.000540785793263471,0.00752103131649256
0.399,0.000662501786546462,0.00804918717321417
0.4,0.000809991095608916,0.00863541660263991
0.401,0.000988336527401479,0.009286543506981
0.402,0.00120354091645512,0.0100102711608353
0.403,0.00146267649845783,0.0108152975306559
0.404,0.00177405515746429,0.0117114455752072
0.405,0.00214742183386624,0.0127098103412659
0.406,0.00259417351756635,0.013822924852085
0.407,0.00312760637493193,0.0150649469789785
0.408,0.00376319366377904,0.0164518696870079
0.409,0.00451889717186435,0.0180017572516202
0.41,0.00541551496442735,0.0197350102507881
0.411,0.00647706823780671,0.0216746623422975
0.412,0.0077312300409523,0.0238467120326802
0.413,0.00920979853604423,0.0262804928258776
0.414,0.0109492173141555,0.0290090852975238
0.415,0.0129911450522739,0.032069774764452
0.416,0.01538307648408,0.0355045582965724
0.417,0.0181790162486261,0.0393607048354754
0.418,0.0214402066685722,0.0436913721248137
0.419,0.0252359098834128,0.0485562840033298
0.42,0.0296442440143865,0.0540224713419793
0.421,0.034753072158728,0.0601650794995216
0.422,0.0406609419952937,0.0670682446022373
0.423,0.0474780726268384,0.0748260401976945
0.424,0.0553273839841123,0.0835434948636715
0.425,0.0643455626739322,0.0933376801453844
0.426,0.0746841565710935,0.104338866721969
0.427,0.0865106887396683,0.116691744943758
0.428,0.100009779434197,0.130556703815887
0.429,0.115384262991277,0.146111160116866
0.43,0.132856284397711,0.163550926625706
0.431,0.152668358238342,0.183091605389704
0.432,0.175084370616127,0.204969988609791
0.433,0.200390502535156,0.229445446077493
0.434,0.228896051186309,0.256801274208389
0.435,0.260934123621932,0.287345977640017
0.436,0.296862175502512,0.321414450175077
0.437,0.337062366001187,0.359369017651054
0.438,0.38194169862129,0.401600301223278
0.439,0.431931916681037,0.448527855698613
0.44,0.487489121612795,0.500600534109223
0.441,0.549093082077465,0.558296526845231
0.442,0.617246202271939,0.622123021559537
0.443,0.692472118771044,0.692615428914818
0.444,0.775313896852627,0.770336119261252
0.445,0.866331799556608,0.855872616708394
0.446,0.966100605769083,0.949835199967671
0.447,1.07520645743364,1.0528538639518
0.448,1.19424322059451,1.16557460255056
0.449,1.32380835037628,1.28865498134253
0.45,1.46449825619265,1.42275897928048
0.451,1.61690317042506,1.56855109057445
0.452,1.78160153147355,1.72668969199107
0.453,1.95915390039111,1.89781969641718
0.454,2.15009643918046,2.0825645305492
0.455,2.35493398815095,2.28151749263763
0.456,2.57413278937323,2.49523256493677
0.457,2.8081129130812,2.72421477441527
0.458,3.05724045368766,2.96891021384761
0.459,3.32181957171663,3.2296958530668
0.46,3.60208446721537,3.5068692863266
0.461,3.89819137888282,3.80063857580665
0.462,4.21021071102434,4.11111236272784
0.463,4.53811939729785,4.43829042580072
0.464,4.88179361583825,4.78205487134874
0.465,5.24100197452795,5.14216214005984
0.466,5.61539928772722,5.51823601166234
0.467,6.00452106651159,5.90976178075737
0.468,6.40777884323284,6.31608176456731
0.469,6.8244564479015,6.7363922866183
0.47,7.25370734839231,7.1697422596474
0.471,7.69455315874951,7.61503346672813
0.472,8.14588340990722,8.07102261228737
0.473,8.60645666497828,8.5363251849909
0.474,9.07490304698816,9.00942114314288
0.475,9.54972823067115,9.48866240106888
0.476,10.0293189318874,9.972282062768
0.477,10.5119499085904,10.4584053177467
0.478,10.9957924663505,10.9450618841987
0.479,11.4789244395362,11.4301998573067
0.48,11.9593415967282,11.9117007960837
0.481,12.4349703961675,12.3873958614029
0.482,12.9036819944321,12.8550828011224
0.483,13.3633073895167,13.3125435658076
0.484,13.8116535584824,13.7575623306524
0.485,14.2465204302773,14.1879436958336
0.486,14.6657185166198,14.6015308386044
0.487,15.0670870083675,14.9962233956962
0.488,15.4485121319364,15.3699948637438
0.489,15.8079455503998,15.7209093180265
0.49,16.1434225871536,16.0471372653405
0.491,16.4530800467027,16.3469704647385
0.492,16.7351734073464,16.618835569609
0.493,16.9880931644069,16.86130646555
0.494,17.2103801101593,17.0731152001456
0.495,17.4007393477259,17.2531614225562
0.496,17.5580528507543,17.4005202722919
0.497,17.6813903984988,17.5144486772422
0.498,17.7700187366945,17.5943900406204
0.499,17.823408838014,17.6399773146808
0.5,17.8412411615277,17.6510344756784
0.501,17.823408838014,17.6275764294444
0.502,17.7700187366945,17.5698073900954
0.503,17.6813903984988,17.4781177858027
0.504,17.5580528507543,17.3530797552992
0.505,17.4007393477259,17.195441307009
0.506,17.2103801101593,17.0061192195314
0.507,16.9880931644069,16.7861907678677
0.508,16.7351734073464,16.5368843644599
0.509,16.4530800467027,16.2595692080151
0.51,16.1434225871536,15.9557440364149
0.511,15.8079455503998,15.6270250829322
0.512,15.4485121319364,15.2751333376486
0.513,15.0670870083675,14.9018812184965
0.514,14.6657185166198,14.5091587588162
0.515,14.2465204302773,14.0989194207456
0.516,13.8116535584824,13.6731656461437
0.517,13.3633073895167,13.2339342590184
0.518,12.9036819944321,12.7832818354818
0.519,12.4349703961675,12.3232701589718
0.52,11.9593415967282,11.8559518796613
0.521,11.4789244395361,11.3833564974587
0.522,10.9957924663505,10.9074767875683
0.523,10.5119499085904,10.4302557860277
0.524,10.0293189318874,9.9535744497716
0.525,9.54972823067112,9.47924010142109
0.526,9.07490304698814,9.00897576300956
0.527,8.60645666497826,8.54441047514828
0.528,8.14588340990719,8.08707068864217
0.529,7.69455315874948,7.63837280431531
0.53,7.25370734839228,7.19961692386086
0.531,6.82445644790148,6.77198186004232
0.532,6.40777884323281,6.35652143874212
0.533,6.00452106651156,5.95416210845603
0.534,5.6153992877272,5.56570185518815
0.535,5.24100197452793,5.19181040268624
0.536,4.88179361583823,4.83303065997523
0.537,4.53811939729783,4.48978136062285
0.538,4.21021071102432,4.16236082153851
0.539,3.89819137888281,3.85095173378023
0.54,3.60208446721536,3.55562688421855
0.541,3.32181957171661,3.27635569532608
0.542,3.05724045368765,3.01301146111702
0.543,2.80811291308119,2.76537915057451
0.544,2.57413278937321,2.5331636459166
0.545,2.35493398815094,2.31599828182443
0.546,2.15009643918045,2.11345355326292
0.547,1.9591539003911,1.92504586365618
0.548,1.78160153147354,1.75024619174903
0.549,1.61690317042505,1.58848856423675
0.55,1.46449825619264,1.43917823186155
0.551,1.32380835037627,1.30169945879758
0.552,1.19424322059451,1.17542284838615
0.553,1.07520645743363,1.05971214223662
0.554,0.966100605769078,0.953930443972853
0.555,0.866331799556603,0.857445833093481
0.556,0.775313896852622,0.769636348168831
0.557,0.69247211877104,0.689894331599341
0.558,0.617246202271935,0.61763014013963
0.559,0.549093082077461,0.552275236133063
0.56,0.487489121612792,0.49328468374482
0.561,0.431931916681035,0.440139082325981
0.562,0.381941698621287,0.392345975341771
0.563,0.337062366001184,0.349440778060288
0.564,0.29686217550251,0.310987270476159
0.565,0.26093412362193,0.276577703828179
0.566,0.228896051186307,0.24583256968345
0.567,0.200390502535154,0.21840008004879
0.568,0.175084370616126,0.193955405493719
0.569,0.152668358238341,0.172199715996278
0.57,0.13285628439771,0.152859066322162
0.571,0.115384262991276,0.135683164382202
0.572,0.100009779434196,0.120444057336497
0.573,0.0865106887396676,0.10693476636453
0.574,0.0746841565710929,0.0949678971220712
0.575,0.0643455626739317,0.0843742490623256
0.576,0.0553273839841118,0.075001443096435
0.577,0.0474780726268388,0.0667125835747801
0.578,0.0406609419952941,0.059384967335535
0.579,0.0347530721587283,0.0529088496246142
0.58,0.0296442440143867,0.0471862740610626
0.581,0.0252359098834131,0.0421299715114356
0.582,0.0214402066685724,0.037662330742686
0.583,0.0181790162486263,0.0337144420342941
0.584,0.01538307648408,0.0302252135293027
0.585,0.0129911450522739,0.0271405589684872
0.586,0.0109492173141555,0.0244126545571965
0.587,0.00920979853604423,0.0219992620339545
0.588,0.0077312300409523,0.0198631145168713
0.589,0.00647706823780671,0.0179713613719446
0.59,0.00541551496442735,0.0162950681512864
0.591,0.00451889717186435,0.0148087675658034
0.592,0.00376319366377904,0.0134900574645014
0.593,0.00312760637493193,0.0123192418722444
0.594,0.00259417351756635,0.0112790112726522
0.595,0.00214742183386624,0.0103541584982922
0.596,0.00177405515746429,0.00953132679405491
0.597,0.00146267649845783,0.0087987868412659
0.598,0.00120354091645512,0.00814623976119592
0.599,0.000988336527401479,0.00756464335041998
0.6,0.000809991095608916,0.00704605903158806
0.601,0.000662501786546462,0.00658351722757344
0.602,0.000540785793263471,0.00617089908166743
0.603,0.000440549695235505,0.00580283264942999
0.604,0.000358175559022501,0.00547460187765066
0.605,0.000290621942114773,0.00518206686189114
0.606,0.000235338111991215,0.00492159403601628
0.607,0.000190189939526641,0.00468999509507596
0.608,0.000153396067733056,0.00448447358726037
0.609,0.000123473092091877,0.00430257823198867
0.61,9.91886164849871e-05,0.00414216213021791
0.611,7.95211683309214e-05,0.00400134713056825
0.612,6.36260676148219e-05,0.003878492701691
0.613,5.08064469263161e-05,0.00377216873830622
0.614,4.04887134299023e-05,0.00368113179635119
0.615,3.22018290757122e-05,0.00360430431252306
0.616,2.55598626159139e-05,0.00354075641594844
0.617,2.02473365099867e-05,0.00348968998550437
0.618,1.60069540274191e-05,0.00345042464613901
0.619,1.26293472753321e-05,0.0034223854320363
0.62,9.94453599924941e-06,0.00340509187423692
0.621,7.81483034332761e-06,0.00339814829592092
0.622,6.12894882322944e-06,0.00340123512049781
0.623,4.79715605859384e-06,0.00341410101642265
0.624,3.74725381058824e-06,0.00343655571873065
0.625,2.92128402592409e-06,0.00346846338109757
0.626,2.27282432584676e-06,0.00350973632422677
0.627,1.7647750900477e-06,0.00356032905695909
0.628,1.36755333246871e-06,0.00362023245612462
0.629,1.05762227796032e-06,0.00368946800022698
0.63,8.16297223813699e-07,0.00376808196099976
0.631,6.28778176238452e-07,0.00385613946612531
0.632,4.83368128189398e-07,0.00395371835638098
0.633,3.70842903975598e-07,0.0040609027715878
0.634,2.83944425318135e-07,0.00417777641237373
0.635,2.16974217585757e-07,0.00430441543927481
0.636,1.6546811762548e-07,0.00444088098738608
0.637,1.25936590907289e-07,0.00458721129385308
0.638,9.56579237471641e-08,0.00474341345708181
0.639,7.25139192807915e-08,0.00490945487062289
0.64,5.48596734744339e-08,0.00508525440107793
0.641,4.14206079483895e-08,0.00527067340772068
0.642,3.12112477142909e-08,0.00546550673125266
0.643,2.347130317624e-08,0.00566947380942284
0.644,1.76154883248589e-08,0.00588221010711238
0.645,1.31942157594475e-08,0.00610325907666064
0.646,9.86288313934038e-09,0.0063320648892426
0.647,7.35792919305725e-09,0.00656796619838707
0.648,5.47821070256866e-09,0.00681019121054262
0.649,4.07055166100075e-09,0.00705785434324016
0.65,3.01855588580641e-09,0.00730995474722379
0.651,2.23396611687907e-09,0.00756537695350701
0.652,1.65000535524916e-09,0.00782289387855135
0.653,1.21625751522552e-09,0.00808117238001466
0.654,8.94740571933612e-10,0.00833878150171598
0.655,6.56901322075958e-10,0.00859420348020908
0.656,4.81320713761966e-10,0.00884584750801242
0.657,3.51965729856029e-10,0.00909206616223185
0.658,2.56860673772918e-10,0.00933117431492322
0.659,1.87079528491126e-10,0.00956147024663555
0.66,1.35983535035957e-10,0.00978125859125831
0.661,9.86456180669162e-11,0.00998887465302998
0.662,7.14168483284105e-11,0.0101827095599156
0.663,5.16006264281837e-11,0.0103612356559521
0.664,3.72083728473523e-11,0.0105230314925533
0.665,2.67767456841186e-11,0.0106668057584126
0.666,1.92311971604187e-11,0.0107914194917846
0.667,1.37843489225199e-11,0.0108959059486576
0.668,9.86046977985131e-12,0.0109794875553786
0.669,7.03947654142948e-12,0.0110415894530609
0.67,5.0155034865436e-12,0.011081849240647
0.671,3.56631843324713e-12,0.0111001226396877
0.672,2.5307958348237e-12,0.0110964849316716
0.673,1.79236112069367e-12,0.0110712281523507
0.674,1.26685039026832e-12,0.0110248541608987
0.675,8.9362756237508e-13,0.0109580638289325
0.676,6.29099285909658e-13,0.0108717427098172
0.677,4.41990810650035e-13,0.010766943647428
0.678,3.09912218570032e-13,0.010644866861818
0.679,2.16868047267228e-13,0.0105068381043988
0.68,1.51455081839131e-13,0.0103542855059575
0.681,1.05561011252956e-13,0.0101887157470624
0.682,7.34268073340012e-14,0.0100116901633982
0.683,5.09726437359265e-14,0.00982480136058283
0.684,3.53143392136616e-14,0.00962965085724814
0.685,2.44172314855872e-14,0.00942782820538515
0.686,1.68489626562679e-14,0.00922089195730926
0.687,1.16032947908579e-14,0.00901035276331403
0.688,7.97482010840776e-15,0.00879765879721318
0.689,5.47005729878607e-15,0.00858418362223319
0.69,3.74450372491717e-15,0.00837121653027567
0.691,2.55816215246276e-15,0.00815995531598116
0.692,1.74418795401433e-15,0.00795150138514369
0.693,1.18683380296943e-15,0.00774685704602298
0.694,8.05968266754451e-16,0.0075469247924923
0.695,5.46232314923252e-16,0.0073525083596664
0.696,3.69460698401492e-16,0.00716431531511562
0.697,2.49396592524257e-16,0.00698296094103006
0.698,1.68013506240276e-16,0.00680897316352244
0.699,1.12961197011182e-16,0.00664279829324976
0.7,7.57959128082575e-17,0.0064848073552176
0.701,5.07567376384758e-17,0.00633530280354687
0.702,3.39213418859848e-17,0.00619452543774545
0.703,2.26247484311541e-17,0.00606266135938421
0.704,1.50600323502319e-17,0.00593984883093485
0.705,1.0004593829492e-17,0.00582618492097534
0.706,6.63291496492654e-18,0.00572173184128112
0.707,4.38874965749627e-18,0.00562652290095554
0.708,2.89806818077499e-18,0.00554056802033357
0.709,1.90988755855511e-18,0.00546385876269825
0.71,1.2561410597515e-18,0.0053963728547835
0.711,8.24518557594513e-19,0.0053380781776183
0.712,5.40124489684334e-19,0.00528893621759687
0.713,3.53117071564294e-19,0.00524890497390922
0.714,2.30396018865152e-19,0.00521794132285865
0.715,1.50024655327825e-19,0.00519600284238546
0.716,9.74948591006969e-20,0.00518304910159016
0.717,6.32313137668053e-20,0.00517904242050912
0.718,4.09273952541779e-20,0.00518394810514194
0.719,2.64379280962496e-20,0.0051977341620824
0.72,1.70440240968868e-20,0.00522037049637502
0.721,1.09660007945907e-20,0.00525182759572284
0.722,7.04134814313721e-21,0.00529207470421958
0.723,4.51226682611742e-21,0.00534107748967811
0.724,2.88579276115384e-21,0.00539879521067086
0.725,1.84190368730038e-21,0.00546517739286766
0.726,1.17327578098421e-21,0.00554016002940872
0.727,7.45872689716353e-22,0.00562366132710398
0.728,4.7321741233862e-22,0.00571557702937669
0.729,2.99631962068184e-22,0.00581577535817583
0.73,1.89342004690034e-22,0.00592409163058437
0.731,1.19409042201685e-22,0.00604032262146331
0.732,7.51551714165968e-23,0.00616422076097752
0.733,4.72076015033097e-23,0.00629548827487765
0.734,2.95935054985461e-23,0.00643377139543038
0.735,1.85145133221783e-23,0.00657865479117215
0.736,1.15600469935675e-23,0.00672965638331154
0.737,7.20341290591878e-24,0.00688622273452638
0.738,4.47969484173818e-24,0.00704772521086062
0.739,2.78028913703914e-24,0.00721345712804818
0.74,1.72211799964643e-24,0.00738263209844634
0.741,1.06455293152617e-24,0.00755438379242956
0.742,6.56754452018229e-25,0.00772776731724775
0.743,4.04361875070088e-25,0.00790176239587961
0.744,2.48467041610244e-25,0.00807527849751498
0.745,1.5236976137724e-25,0.00824716202963132
0.746,9.32524384150973e-26,0.00841620564937758
0.747,5.69577752030454e-26,0.00858115968998356
0.748,3.47198027080997e-26,0.00874074562769911
0.749,2.11218955748078e-26,0.00889367143858264
0.75,1.28238947423012e-26,0.00903864861522029
0.751,7.7703111405418e-27,0.00917441053467818
0.752,4.69881433341995e-27,0.00929973179460514
0.753,2.83576064811545e-27,0.00941344806858174
0.754,1.70797798750483e-27,0.00951447597868916
0.755,1.02665937642313e-27,0.00960183244667024
0.756,6.15888220221243e-28,0.00967465296819767
0.757,3.68730301434224e-28,0.00973220825998685
0.758,2.20316574360711e-28,0.009773918758011
0.759,1.31376268719544e-28,0.00979936649684083
0.76,7.81840362266583e-29,0.00980830397369869
0.761,4.6435557277198e-29,0.00980065969342333
0.762,2.7524196385748e-29,0.00977654019818411
0.763,1.62820860218748e-29,0.0097362285034678
0.764,9.61251106933808e-30,0.00968017898390701
0.765,5.66363258821624e-30,0.00960900887291628
0.766,3.33031031183416e-30,0.00952348665293347
0.767,1.95436530076928e-30,0.00942451771287215
0.768,1.14461173838515e-30,0.00931312773155484
0.769,6.69024556257328e-31,0.00919044430691423
0.77,3.90262958846636e-31,0.00905767738842565
0.771,2.2719774585158e-31,0.00891609908378468
0.772,1.32002487270855e-31,0.00876702340087294
0.773,7.65405576244278e-32,0.0086117864544369
0.774,4.42927393075937e-32,0.00845172761657851
0.775,2.55802550138974e-32,0.00828817202486847
0.776,1.47437721332755e-32,0.00812241478588124
0.777,8.48093552760079e-33,0.00795570712964807
0.778,4.86866983539094e-33,0.007789244686249
0.779,2.78938395103075e-33,0.00762415797348638
0.78,1.59491551370491e-33,0.00746150510770041
0.781,9.10119622667124e-34,0.00730226668100786
0.782,5.18311308992105e-34,0.00714734268950668
0.783,2.94587491644842e-34,0.00699755134944795
0.784,1.6709726104468e-34,0.0068536296024574
0.785,9.45922968742709e-35,0.006716235086361
0.786,5.34408825754932e-35,0.00658594933427482
0.787,3.01316478912127e-35,0.00646328196018677
0.788,1.69552249735624e-35,0.00634867559284886
0.789,9.52172513791265e-36,0.00624251132982962
0.79,5.33653221644159e-36,0.00614511449843124
0.791,2.98492924889815e-36,0.00605676052830554
0.792,1.66625075288058e-36,0.0059776807605924
0.793,9.28278061678726e-37,0.00590806803903251
0.794,5.16115884862865e-37,0.00584808194877253
0.795,2.86383357277698e-37,0.00579785358772449
0.796,1.58591438072667e-37,0.00575748977283734
0.797,8.76482217719363e-38,0.00572707659920032
0.798,4.83434780942818e-38,0.00570668228344407
0.799,2.66111772083866e-38,0.00569635923455581
0.8,1.46191355305213e-38,0.00569614530526619
0.801,8.01513254733592e-39,0.00570606418603382
0.802,4.38562138760477e-39,0.00572612491190696
0.803,2.39487568469511e-39,0.0057563204608396
0.804,1.30516741947838e-39,0.00579662543110852
0.805,7.09873370213112e-40,0.00584699279609885
0.806,3.85324795116386e-40,0.00590734974767925
0.807,2.08739403823622e-40,0.00597759265543538
0.808,1.12853058169535e-40,0.00605758118885412
0.809,6.08910743950039e-41,0.00614713167369686
0.81,3.27887871681939e-41,0.00624600978262244
0.811,1.76209159432669e-41,0.00635392269369076
0.812,9.45067910906067e-42,0.00647051088841408
0.813,5.05858400039039e-42,0.00659533980280779
0.814,2.70225498025696e-42,0.00672789158918784
0.815,1.44063876540097e-42,0.00686755729145812
0.816,7.6650550577894e-43,0.0070136297799155
0.817,4.07011679380883e-43,0.00716529783015335
0.818,2.15689933063661e-43,0.00732164176093155
0.819,1.1407337495444e-43,0.00748163106395042
0.82,6.02102065099379e-44,0.00764412446019796
0.821,3.1716653225918e-44,0.00780787279889982
0.822,1.6673854291719e-44,0.00797152517253132
0.823,8.74814677940811e-45,0.00813363855216825
0.824,4.58065445168304e-45,0.0082926911503073
0.825,2.39370381866828e-45,0.00844709959358666
0.826,1.24837397098641e-45,0.00859523983810805
0.827,6.49756164050845e-46,0.00873547159019794
0.828,3.37510682033219e-46,0.00886616581275197
0.829,1.74966960731706e-46,0.00898573471134706
0.83,9.05223842843141e-47,0.00909266341644675
0.831,4.67398518891111e-47,0.00918554242077595
0.832,2.40851907587322e-47,0.00926309970699731
0.833,1.23863760169814e-47,0.00932423142199025
0.834,6.35725805065582e-48,0.00936802993006965
0.835,3.25631816627288e-48,0.00939380811497437
0.836,1.6646204846116e-48,0.00940111890191085
0.837,8.49249008265139e-49,0.00938976913418374
0.838,4.32400585252784e-49,0.00935982715693807
0.839,2.19719655213076e-49,0.00931162372166715
0.84,1.11425080273953e-49,0.00924574611399606
0.841,5.63934174189555e-50,0.00916302570582997
0.842,2.84842823673601e-50,0.00906451942215847
0.843,1.43586484378369e-50,0.00895148587408696
0.844,7.22359274510135e-51,0.00882535712664436
0.845,3.6268062470703e-51,0.00868770722977588
0.846,1.81730101070553e-51,0.00854021873542588
0.847,9.08784250885071e-52,0.00838464844964031
0.848,4.53550998348055e-52,0.00822279362819619
0.849,2.2590345511517e-52,0.00805645972411354
0.85,1.1229257233065e-52,0.00788743064600447
0.851,5.57071061753187e-53,0.00771744230066811
0.852,2.75804646132755e-53,0.00754815998602459
0.853,1.36277440473875e-53,0.00738115998575864
0.854,6.72013146941579e-54,0.00721791550809352
0.855,3.30721920926382e-54,0.00705978691903449
0.856,1.62434997154867e-54,0.00690801605362181
0.857,7.96210021562375e-55,0.00676372425266246
0.858,3.894996618815e-55,0.0066279136695992
0.859,1.90159462641884e-55,0.0065014713224988
0.86,9.26531542762108e-56,0.00638517532729112
0.861,4.50540552759383e-56,0.0062797027364474
0.862,2.18644711436934e-56,0.00618563841730963
0.863,1.0589500562106e-56,0.00610348443090312
0.864,5.11850803527982e-57,0.00603366940998224
0.865,2.4691229268271e-57,0.00597655747946123
0.866,1.18870323828775e-57,0.00593245630926182
0.867,5.71130811983577e-58,0.00590162393595428
0.868,2.73860342134893e-58,0.00588427403350862
0.869,1.31055156452365e-58,0.00588057935429815
0.87,6.2590798357597e-59,0.00589067309966576
0.871,2.98330928655956e-59,0.00591464801642698
0.872,1.41911463859819e-59,0.00595255305420293
0.873,6.73702394489408e-60,0.0060043874618638
0.874,3.19190614579579e-60,0.0060700922537057
0.875,1.50925820659139e-60,0.00614953904176737
0.876,7.12210529490171e-61,0.0062425163144613
0.877,3.35416671740368e-61,0.00634871334757245
0.878,1.57649396075562e-61,0.00646770206479121
0.879,7.39488438772847e-62,0.00659891732268404
0.88,3.46179922866616e-62,0.00674163627818972
0.881,1.61734911823355e-62,0.00689495770072235
0.882,7.54114144010169e-63,0.00705778230681885
0.883,3.50914899035576e-63,0.00722879540906549
0.884,1.62966350554473e-63,0.00740645336358042
0.885,7.5531043292067e-64,0.00758897544746078
0.886,3.49369057274031e-64,0.00777434287129713
0.887,1.61277879067497e-64,0.00796030660233414
0.888,7.43013286778896e-65,0.00814440551271807
0.889,3.41625096652285e-65,0.00832399605163543
0.89,1.56759679243656e-65,0.0084962941574212
0.891,7.17877556340905e-66,0.00865842947844464
0.892,3.28093628423651e-66,0.00880751118162286
0.893,1.49649967954365e-66,0.00894070373840445
0.894,6.81219185836956e-67,0.00905531015532649
0.895,3.09477104355952e-67,0.00914885924327674
0.896,1.4031418870182e-67,0.00921919279093658
0.897,6.34901079313854e-68,0.00926454801861593
0.898,2.86709413450241e-68,0.00928363052167682
0.899,1.29213904580451e-68,0.00927567312531345
0.9,5.81176384840237e-69,0.00924047668492031
0.901,2.60878374112868e-69,0.00917842985441673
0.902,1.16869075935766e-69,0.00909050613846545
0.903,5.22507528390291e-70,0.0089782380327004
0.904,2.33140060767001e-70,0.00884366959961059
0.905,1.03818002702908e-70,0.0086892902761998
0.906,4.61381147300655e-71,0.00851795392106762
0.907,2.04634300303082e-71,0.00833278796857984
0.908,9.05791890412171e-72,0.00813709799380746
0.909,4.00138036219124e-72,0.00793427298158057
0.91,1.76409778926198e-72,0.00772769616457403
0.911,7.76187931879789e-73,0.0075206655205909
0.912,3.40833698662868e-73,0.00731632700059869
0.913,1.49365253365324e-73,0.00711762241371044
0.914,6.53262973486409e-74,0.00692725273861309
0.915,2.85139850697314e-74,0.00674765656264373
0.916,1.24210755516789e-74,0.00658100244399231
0.917,5.39997687481697e-75,0.00642919329323303
0.918,2.3429121663114e-75,0.0062938803912408
0.919,1.01449877330389e-75,0.00617648438916152
0.92,4.38407985295535e-76,0.00607822054085804
0.921,1.89076170067749e-76,0.00600012545629975
0.922,8.13816607816015e-77,0.00594308278963554
0.923,3.49580912121483e-77,0.00590784544601786
0.924,1.49865023115606e-77,0.00589505207413161
0.925,6.4118635243061e-78,0.00590523578836636
0.926,2.73778705550038e-78,0.00593882323427506
0.927,1.16666581532072e-78,0.00599612229107281
0.928,4.9616336086619e-79,0.00607729693302587
0.929,2.1058833927114e-79,0.00618232810465899
0.93,8.9202157729325e-80,0.00631095997649756
0.931,3.77092427083617e-80,0.00646263172302871
0.932,1.59093220373883e-80,0.00663639608692246
0.933,6.69864474509051e-81,0.00683082752969651
0.934,2.8148394580691e-81,0.00704392474240185
0.935,1.18046122303055e-81,0.00727301464915365
0.936,4.94061749352829e-82,0.00751466761995225
0.937,2.06367902024378e-82,0.00776463611495234
0.938,8.60269404346986e-83,0.00801783095300416
0.939,3.57897130830351e-83,0.00826835023940711
0.94,1.48598137871861e-83,0.00850957503841739
0.941,6.15743631363689e-84,0.00873434252766409
0.942,2.54634884608894e-84,0.00893520125040371
0.943,1.05091425889367e-84,0.00910474425105207
0.944,4.32860622003778e-85,0.00923600501717677
0.945,1.7793455017836e-85,0.00932288962559087
0.946,7.29968133202489e-86,0.0093606082671101
0.947,2.98867663983133e-86,0.00934606266164339
0.948,1.22119598491554e-86,0.0092781448273117
0.949,4.97992976263371e-87,0.00915790850275472
0.95,2.0267140501569e-87,0.00898858722061941
0.951,8.23176853184932e-88,0.00877545105018345
0.952,3.33676201455794e-88,0.00852551447356975
0.953,1.34985999550941e-88,0.00824712707178217
0.954,5.44983848816186e-89,0.00794949310937502
0.955,2.19588679777628e-89,0.00764217313846034
0.956,8.83014173512798e-90,0.00733461942231686
0.957,3.54369889076346e-90,0.00703578811200024
0.958,1.41931032361037e-90,0.00675385694955371
0.959,5.67321603581116e-91,0.00649606082448965
0.96,2.26314662989066e-91,0.00626864171724135
0.961,9.01005568556136e-92,0.00607689661476802
0.962,3.57992285758064e-92,0.00592529793694709
0.963,1.41955189089544e-92,0.00581765576049543
0.964,5.61772256939564e-93,0.00575728865372958
0.965,2.21871088549307e-93,0.00574716874219231
0.966,8.74525649055497e-94,0.00579000522396089
0.967,3.44013748792501e-94,0.00588822797739289
0.968,1.35054935324446e-94,0.00604382925793852
0.969,5.2914723331953e-95,0.00625801858392326
0.97,2.06906441360169e-95,0.00653064802840469
0.971,8.07426322931876e-96,0.0068593795782429
0.972,3.14458405044285e-96,0.00723860320788527
0.973,1.22223557939063e-96,0.00765818488898321
0.974,4.74108834020235e-97,0.00810223422506292
0.975,1.83540784742736e-97,0.0085482232630555
0.976,7.09118036656616e-98,0.00896692509186548
0.977,2.73423533010367e-98,0.00932370071235823
0.978,1.0521669610897e-98,0.00958154654088227
0.979,4.04077660708941e-99,0.00970594026828733
0.98,1.54873257513604e-99,0.00967089871667774
0.981,5.92405983012753e-100,0.00946496079365586
0.982,2.26148572101367e-100,0.00909536613712012
0.983,8.61588066156606e-101,0.00858887248546587
0.984,3.27594733208672e-101,0.0079885757299689
0.985,1.24309854451654e-101,0.00734748653547917
0.986,4.70766570884591e-102,0.00672085064599309
0.987,1.77925045328499e-102,0.00615966208549863
0.988,6.71119666052865e-103,0.00570731621762909
0.989,2.52635429893337e-103,0.00540023119123929
0.99,9.49117451071174e-104,0.00527212232598945
0.991,3.55858277234856e-104,0.00536074604088734
0.992,1.33157488789652e-104,0.00571481325780064
0.993,4.97262296744355e-105,0.00639543513831536
0.994,1.85326224332617e-105,0.007456704721699
0.995,6.89318025452526e-106,0.00886917641091028
0.996,2.55878504473121e-106,0.0103323947322664
0.997,9.4793679957466e-107,0.0110116905485264
0.998,3.50474458748823e-107,0.00965695957010868
0.999,1.29319725849664e-107,0.00596022434415255
1,4.7621666341462e-108,0.00207203452227826
