z,rho_model,rho_ref
-1.1988,1.33806579157649e-07,0.00556708786923239
-1.1964,1.96532253054176e-07,0.00601345624172313
-1.194,2.49266581505693e-07,0.00645982461421387
-1.1916,3.17585516862382e-07,0.00690619298670466
-1.1892,4.05292884872076e-07,0.00735256135919536
-1.1868,5.17668738153134e-07,0.00784322920975703
-1.1844,6.61320110590567e-07,0.00837819653838954
-1.182,8.44537712090525e-07,0.00891316386702205
-1.1796,1.07767468733964e-06,0.00946535307821413
-1.1772,1.37364927014513e-06,0.0101036517022036
-1.1748,1.74854153977979e-06,0.0107419503261933
-1.1724,2.2223149488246e-06,0.0113802489501828
-1.17,2.81969126865712e-06,0.0121175764809195
-1.1676,3.57120863608594e-06,0.0128747097930057
-1.1652,4.51449543478539e-06,0.0136318431050917
-1.1628,5.69579938406575e-06,0.0144566070744702
-1.1604,7.17181752630408e-06,0.0153490017011407
-1.158,9.011879996002e-06,0.0162413963278115
-1.1556,1.13005476174355e-05,0.0171592120302937
-1.1532,1.41406920365425e-05,0.0182041331118332
-1.1508,1.76571365036393e-05,0.0192490541933729
-1.1484,2.20009455387985e-05,0.0202939752749123
-1.146,2.73544624715483e-05,0.0214809295173122
-1.1436,3.39372055843597e-05,0.0226962903918842
-1.1412,4.20127461032033e-05,0.0239116512664559
-1.1388,5.18967039727265e-05,0.025221379759972
-1.1364,6.39660105865956e-05,0.0266254758724322
-1.134,7.86696010108196e-05,0.0280295719848926
-1.1316,9.65407115277708e-05,0.029468181760945
-1.1292,0.000118210971013604,0.0310793598549575
-1.1268,0.000144426486480531,0.0326905379489703
-1.1244,0.000176066133531542,0.0343017160429828
-1.122,0.000214162270838837,0.0361004710581521
-1.1196,0.000259924103350616,0.0379367414575528
-1.1172,0.000314763921067549,0.0397730118569531
-1.1148,0.000380326437932387,0.0417304474303163
-1.1124,0.000458521447707923,0.0438090481776417
-1.11,0.000551559999561551,0.0458876489249675
-1.1076,0.000661994274258737,0.0480093035445461
-1.1052,0.000792761311092318,0.0503462275253893
-1.1028,0.00094723069459479,0.0526831515062327
-1.1004,0.00112925625728826,0.0550200754870757
-1.098,0.00134323178875155,0.0575841452778509
-1.0956,0.0015941506606036,0.0601936442306122
-1.0932,0.00188766918010764,0.0628031431833735
-1.0908,0.00223017337047089,0.0655549336598757
-1.0884,0.00262884874204625,0.0684490156601179
-1.086,0.00309175246406599,0.0713430976603606
-1.0836,0.00362788716985144,0.0742861558746867
-1.0812,0.00424727542830008,0.077474095159431
-1.0788,0.00496103368955779,0.0806620344441756
-1.0764,0.00578144426189212,0.0838499737289196
-1.074,0.00672202359867517,0.087287863272038
-1.0716,0.0077975848678295,0.0907757428668309
-1.0692,0.00902429243977591,0.0942636224616238
-1.0668,0.010419705562386,0.0979027164153284
-1.0644,0.0120028080909713,0.101693024727944
-1.062,0.0137940207058315,0.10548333304056
-1.0596,0.0158151915767003,0.109323806998199
-1.0572,0.0180895609192,0.113415109180957
-1.0548,0.0206416943288459,0.117506411363715
-1.0524,0.023497379167761,0.121597713546472
-1.05,0.0266834776111518,0.125935183372164
-1.0476,0.0302277292261314,0.130321886726441
-1.0452,0.0341584951439691,0.134708590080719
-1.0428,0.0385044349852774,0.139238056744208
-1.0404,0.0432941066902471,0.143910286716908
-1.038,0.0485554782740106,0.148582516689608
-1.0356,0.0543153392482375,0.153299974909696
-1.0332,0.060598597997969,0.158243574366729
-1.0308,0.0674274497468076,0.163187173823761
-1.0284,0.0748203978480239,0.168130773280792
-1.026,0.0827911089616884,0.173285256188402
-1.0236,0.0913470801681438,0.178481915786127
-1.0212,0.100488093164387,0.183678575383853
-1.0188,0.11020442731302,0.188990666101171
-1.0164,0.120474799349462,0.194418187938082
-1.014,0.131263992808044,0.199845709774993
-1.0116,0.142520134310159,0.205307426408305
-1.0092,0.154171565979208,0.210940117023631
-1.0068,0.166123252543501,0.216572807638955
-1.0044,0.178252644391897,0.22220549825428
-1.002,0.190404901413104,0.22798526547856
-0.9996,0.202387423613877,0.23379444802463
-0.9972,0.213963002163014,0.239603630570701
-0.9948,0.224843233358657,0.245485536561133
-0.9924,0.23468368853237,0.251440165995929
-0.99,0.242970626668884,0.257394795430724
-0.9876,0.249503706392079,0.263368213261714
-0.9852,0.257650220885105,0.269435573073678
-0.9828,0.271935252828698,0.275502932885641
-0.9804,0.289647114877117,0.281570292697605
-0.978,0.309551737013273,0.287703564873264
-0.9756,0.331505900129198,0.293850019521663
-0.9732,0.355142619441749,0.299996474170062
-0.9708,0.38056508562392,0.306165588611017
-0.9684,0.408154109056935,0.312357362844528
-0.966,0.438216733113437,0.318549137078039
-0.9636,0.47101803731585,0.324742941393301
-0.9612,0.507331039390891,0.330946896117315
-0.9588,0.548300553454414,0.337150850841329
-0.9564,0.594984704245619,0.343354805565342
-0.954,0.649546963315999,0.349542443450223
-0.9516,0.711143347955107,0.355726817967278
-0.9492,0.769819017792461,0.361911192484332
-0.9468,0.822984643842518,0.368070925868689
-0.9444,0.869715577273488,0.374206018120347
-0.942,0.909454846651876,0.380341110372006
-0.9396,0.942046846756106,0.386463480545064
-0.9372,0.967703987590197,0.392522240325122
-0.9348,0.986954823388619,0.398581000105179
-0.9324,1.00064270061293,0.404639759885236
-0.93,1.00983978993553,0.410614982155109
-0.9276,1.01572460799576,0.416573496922945
-0.9252,1.01970414143406,0.422532011690782
-0.9228,1.02193251555678,0.428430198368667
-0.9204,1.01951488740466,0.4342680569566
-0.918,1.00862917887084,0.440105915544533
-0.9156,0.98541980737656,0.44592088533489
-0.9132,0.946171646050413,0.451621411137361
-0.9108,0.887586008640781,0.457321936939832
-0.9084,0.807616196238582,0.463022462742303
-0.906,0.722698673029431,0.468597843495105
-0.9036,0.646149918240252,0.474148195237973
-0.9012,0.578109873858397,0.479698546980841
-0.8988,0.518356616193984,0.485169295102386
-0.8964,0.466459269809469,0.490560439602608
-0.894,0.421865066539617,0.49595158410283
-0.8916,0.383941599591171,0.501315299028789
-0.8892,0.352020704452487,0.506541866083437
-0.8868,0.325422260236515,0.511768433138086
-0.8844,0.303486192289179,0.516995000192734
-0.882,0.285582873326291,0.522082790004321
-0.8796,0.271130048215983,0.527142824367296
-0.8772,0.259597123685983,0.532202858730271
-0.8748,0.250510305888414,0.537180190446972
-0.8724,0.243451647262973,0.542074819517399
-0.87,0.238059139704952,0.546969448587826
-0.8676,0.234021784403605,0.551837145848149
-0.8652,0.231076483959797,0.556570184057953
-0.8628,0.229003745760244,0.561303222267756
-0.8604,0.227621077844549,0.56603626047756
-0.858,0.226779673426188,0.57063969343156
-0.8556,0.226358759190186,0.5752172053344
-0.8532,0.226260609733233,0.579794717237239
-0.8508,0.226407243456943,0.584298395079223
-0.8484,0.226736411287746,0.588728238860351
-0.846,0.22719829444339,0.593158082641479
-0.8436,0.227753145419599,0.597564847739874
-0.8412,0.228369920457227,0.601856219424602
-0.8388,0.229020740946624,0.60614759110933
-0.8364,0.229697826629805,0.610438962794058
-0.834,0.230435940682431,0.614623354944699
-0.8316,0.231272582574367,0.618786351188522
-0.8292,0.232227219501555,0.622949347432345
-0.8268,0.233284631419782,0.627053452678515
-0.8244,0.234339515396966,0.631098666927034
-0.822,0.23536885150271,0.635143881175552
-0.8196,0.23638065582138,0.639171253596954
-0.8172,0.237381146316116,0.643109416882775
-0.8148,0.23837501040769,0.647047580168595
-0.8124,0.239365921966399,0.650985743454416
-0.81,0.240357026273064,0.654843498976263
-0.8076,0.241351138754867,0.658685172945317
-0.8052,0.242350913137356,0.66252684691437
-0.8028,0.243359189167289,0.666325346989207
-0.8004,0.244379002995791,0.670080673169828
-0.798,0.245414037251907,0.673835999350449
-0.7956,0.246468935196247,0.677578522176735
-0.7932,0.247550233276989,0.681257028231345
-0.7908,0.24866688722697,0.684935534285954
-0.7884,0.249830712388718,0.688614040340564
-0.786,0.25105733940391,0.692235842091978
-0.7836,0.252365914911454,0.695846302982753
-0.7812,0.253777840776232,0.699456763873527
-0.7788,0.255329500551882,0.703037169198893
-0.7764,0.25707446314405,0.70658751895885
-0.774,0.259088692543388,0.710137868718806
-0.7716,0.261480204710181,0.713679374881646
-0.7692,0.264402402068557,0.717176663058906
-0.7668,0.268072394896678,0.720673951236165
-0.7644,0.272796090375245,0.724171239413425
-0.762,0.279001813564817,0.72762944230333
-0.7596,0.287284653827899,0.731079828135765
-0.7572,0.298463997555072,0.7345302139682
-0.7548,0.313657385349854,0.737959795351688
-0.7524,0.33437089556613,0.74136857228623
-0.75,0.362612363915846,0.744777349220773
-0.7476,0.401021645481867,0.748179937202617
-0.7452,0.453023576425064,0.751551580420974
-0.7428,0.522997482802304,0.754923223639331
-0.7404,0.61644656996135,0.758294866857687
-0.738,0.740185915744211,0.761638665771668
-0.7356,0.902421273565665,0.764976895824772
-0.7332,1.11274250281402,0.768315125877877
-0.7308,1.38042031393955,0.771638169095002
-0.7284,1.65935556757858,0.774946025476148
-0.726,1.90733769068166,0.778253881857293
-0.7236,2.12009040503418,0.781557082074281
-0.7212,2.2961113711598,0.784837001470479
-0.7188,2.43590112717151,0.788116920866677
-0.7164,2.5417134527172,0.791396840262875
-0.714,2.61717309275491,0.794655072626219
-0.7116,2.66686851109054,0.797908967582992
-0.7092,2.69628765344267,0.801162862539765
-0.7068,2.71147642256129,0.804404477385718
-0.7044,2.71875869771446,0.807633812120852
-0.702,2.71741559150927,0.810863146855985
-0.6996,2.69430618654913,0.814088569309129
-0.6972,2.63483096727545,0.817294430352325
-0.6948,2.52540303535012,0.820500291395521
-0.6924,2.35473416702774,0.823706152438716
-0.69,2.11649938345667,0.826893096090125
-0.6876,1.86121544184731,0.830076256263176
-0.6852,1.63493159590245,0.833259416436228
-0.6828,1.437938785378,0.836431484002322
-0.6804,1.26859551384367,0.83959245896146
-0.678,1.12479470177484,0.842753433920598
-0.6756,1.00412737894323,0.845910762574426
-0.6732,0.904038432990782,0.849049859701712
-0.6708,0.821937382700611,0.852188956828998
-0.6684,0.755356914034385,0.855328053956283
-0.666,0.701948077365848,0.858449036690561
-0.6636,0.659588161752691,0.861566396546237
-0.6612,0.62638154876934,0.864683756401914
-0.6588,0.60065422185588,0.86779025175152
-0.6564,0.580981868105422,0.870885882595057
-0.654,0.566149040565461,0.873981513438593
-0.6516,0.555165276557518,0.877073506820095
-0.6492,0.547204307445885,0.880147312891424
-0.6468,0.541566555721809,0.883221118962752
-0.6444,0.537711420755629,0.886294925034081
-0.642,0.535217080449258,0.889350396332938
-0.6396,0.533753767425743,0.8924022006773
-0.6372,0.533058987341428,0.895454005021662
-0.6348,0.532928903705564,0.898494688514289
-0.6324,0.533211617703448,0.901524251155182
-0.63,0.533793941520235,0.904553813796074
-0.6276,0.534589459167267,0.907579621369276
-0.6252,0.535532968848333,0.910586653604023
-0.6228,0.53657554407049,0.91359368583877
-0.6204,0.537679943242841,0.916600718073517
-0.618,0.538817012730169,0.919588703053478
-0.6156,0.539976289799697,0.922572878582482
-0.6132,0.541185629387214,0.925557054111485
-0.6108,0.542471927322702,0.928529623635103
-0.6084,0.543844804274363,0.931490587153336
-0.606,0.545280446097194,0.934451550671569
-0.6036,0.546703922658639,0.937408582568281
-0.6012,0.548108789521185,0.94034595635739
-0.5988,0.549502167466385,0.943283330146499
-0.5964,0.550888844238057,0.946220703935608
-0.594,0.552271904674876,0.949138090375191
-0.5916,0.553652988606399,0.952051479344869
-0.5892,0.555033350213347,0.954964868314547
-0.5868,0.556413778412277,0.957866060571166
-0.5844,0.557795155057885,0.960755056114726
-0.582,0.559178073192379,0.963644051658285
-0.5796,0.560562812989854,0.966528911770338
-0.5772,0.561949652509082,0.969393094724856
-0.5748,0.563338772396455,0.972257277679375
-0.5724,0.564730545745883,0.975121460633894
-0.57,0.566125274180214,0.977964610240906
-0.5676,0.567523744622743,0.980803553178418
-0.5652,0.568925815651838,0.983642496115929
-0.5628,0.570327958151167,0.986468602096248
-0.5604,0.571729633504118,0.989281871119376
-0.558,0.573131184976486,0.992095140142503
-0.5556,0.574533378327586,0.994904057023883
-0.5532,0.575937023679206,0.997691213196524
-0.5508,0.577342660733856,1.00047836936916
-0.5484,0.578750855188763,1.00326552554181
-0.546,0.580161412739247,1.00603055199558
-0.5436,0.581573812293005,1.00879115250559
-0.5412,0.582989286327007,1.01155175301559
-0.5388,0.584405321480231,1.0142988528331
-0.5364,0.585818174765011,1.01703245195812
-0.534,0.587227213024302,1.01976605108314
-0.5316,0.588632682948912,1.02249507534204
-0.5292,0.59003525130237,1.02520122527034
-0.5268,0.591436083484188,1.02790737519864
-0.5244,0.592836449387732,1.03061352512694
-0.522,0.594237242355311,1.03329642640137
-0.5196,0.595639080118583,1.03597467794501
-0.5172,0.597042527345305,1.03865292948866
-0.5148,0.598449114986613,1.04131700687399
-0.5124,0.599861793465303,1.04396691010099
-0.51,0.601284822356894,1.046616813328
-0.5076,0.602715716366222,1.0492619168178
-0.5052,0.604153223582171,1.05188302162157
-0.5028,0.605601182315327,1.05450412642535
-0.5004,0.607065989510386,1.05712523122913
-0.498,0.608557631064624,1.05972196254488
-0.4956,0.610090390349352,1.06231381916303
-0.4932,0.611685724598135,1.06490567578118
-0.4908,0.613376609452931,1.06748268383537
-0.4884,0.615215993849745,1.07004484332559
-0.486,0.617290331902584,1.07260700281581
-0.4836,0.61973879152912,1.07516413817092
-0.4812,0.622776125289855,1.07769615285046
-0.4788,0.626735244076897,1.08022816753
-0.4764,0.632139554050851,1.08276018220954
-0.474,0.639785143453049,1.08526670453666
-0.4716,0.650867797982058,1.08776812839331
-0.4692,0.66715166812472,1.09026955224995
-0.4668,0.691200992719321,1.09275545872127
-0.4644,0.726675132782895,1.09522584780726
-0.462,0.778702521123864,1.09769623689325
-0.4596,0.854312237722789,1.10016137993517
-0.4572,0.962895109516391,1.10260029275674
-0.4548,1.11674403104199,1.10503920557831
-0.4524,1.33171441176413,1.10747811839988
-0.45,1.6275262349395,1.10989043546117
-0.4476,2.0277475118299,1.11229743337039
-0.4452,2.48428614129051,1.11470443127962
-0.4428,2.88290032105719,1.11709525402378
-0.4404,3.20799432865988,1.11946990160285
-0.438,3.45735409350829,1.12184454918192
-0.4356,3.63448014194355,1.1242137330655
-0.4332,3.74811813735246,1.12655559847159
-0.4308,3.81100627489725,1.12889746387768
-0.4284,3.83803693276023,1.13123932928377
-0.426,3.84532648392751,1.13355351954186
-0.4236,3.82923193300054,1.13586217477035
-0.4212,3.75653890241156,1.13817082999885
-0.4188,3.59383678097485,1.14046266813777
-0.4164,3.31339880823658,1.14273768918713
-0.414,2.90328926777333,1.14501271023648
-0.4116,2.48302677604007,1.14728205561036
-0.4092,2.12677648176579,1.14952302260682
-0.4068,1.83077400004466,1.15176398960328
-0.4044,1.58934233242346,1.15400495659974
-0.402,1.39567427005111,1.15621719896629
-0.3996,1.24297499457237,1.15842369640687
-0.3972,1.12438432462177,1.16063019384745
-0.3948,1.03377098343109,1.1628192512265
-0.3924,0.965556270467554,1.16499086854404
-0.39,0.91501241835485,1.16716248586158
-0.3876,0.878129407465297,1.16932822238168
-0.3852,0.851676110301951,1.17146455491458
-0.3828,0.833031216000087,1.17360088744748
-0.3804,0.820149122769325,1.17573721998038
-0.378,0.811468585139973,1.17784381715383
-0.3756,0.805800976823823,1.17994446725539
-0.3732,0.802248663094286,1.18204511735695
-0.3708,0.800175737111858,1.18412773119096
-0.3684,0.799112703487486,1.18619230875743
-0.366,0.798736117721251,1.18825688632389
-0.3636,0.798814024725004,1.19031538787966
-0.3612,0.799190113431799,1.19234350938195
-0.3588,0.799764958186576,1.19437163088424
-0.3564,0.800472605433282,1.19639975238653
-0.354,0.801268229637792,1.19839717736984
-0.3516,0.802121470992857,1.20038846304935
-0.3492,0.803015588602404,1.20237974872886
-0.3468,0.80393829572645,1.20435242681076
-0.3444,0.804878224624385,1.20630649729505
-0.342,0.805826711233139,1.20826056777933
-0.3396,0.806778888302341,1.21020837245593
-0.3372,0.807734950946356,1.21212484809406
-0.3348,0.808698375262097,1.21404132373219
-0.3324,0.809669914560147,1.21595779937032
-0.33,0.810648716461529,1.21784263448256
-0.3276,0.811633589320418,1.21972114148963
-0.3252,0.812623554013426,1.2215996484967
-0.3228,0.813617542410551,1.22345899438456
-0.3204,0.814611771679488,1.22529917915323
-0.318,0.815603448799176,1.2271393639219
-0.3156,0.816592874478108,1.22897310884206
-0.3132,0.817580281341848,1.23077465451969
-0.3108,0.818565968492282,1.23257620019733
-0.3084,0.819550661753209,1.23437774587497
-0.306,0.820534611135094,1.23614686215814
-0.3036,0.821516849684036,1.23790949256241
-0.3012,0.822496641030762,1.23967212296668
-0.2988,0.823473880773331,1.24141516463041
-0.2964,0.824448671228465,1.24313861755358
-0.294,0.825420892419934,1.24486207047675
-0.2916,0.826390442058728,1.24657894206318
-0.2892,0.827357017087854,1.24826290696597
-0.2868,0.82831949702548,1.24994687186875
-0.2844,0.829277050914803,1.25163083677153
-0.282,0.83023048016341,1.25328153746914
-0.2796,0.83118081902444,1.25492558532572
-0.2772,0.832128379867523,1.2565696331823
-0.2748,0.833072691604153,1.25819344327657
-0.2724,0.834013006121111,1.25979701560852
-0.27,0.834948881347032,1.26140058794046
-0.2676,0.835880505238394,1.2629973206853
-0.2652,0.836807945154933,1.26455985549455
-0.2628,0.837731363104709,1.26612239030381
-0.2604,0.838651086225515,1.26768492511306
-0.258,0.839567575069274,1.26921302354943
-0.2556,0.840481608947006,1.27073423471121
-0.2532,0.841394169999473,1.27225544587299
-0.2508,0.842306252078336,1.27375614151831
-0.2484,0.843218870113948,1.27523632164714
-0.246,0.844133272174487,1.27671650177598
-0.2436,0.845050944497594,1.27818999328595
-0.2412,0.845973830887664,1.27963004170154
-0.2388,0.846898013058266,1.28107009011713
-0.2364,0.847814832138699,1.28251013853272
-0.234,0.848722799214353,1.28391751700629
-0.2316,0.849621101474685,1.28531836149145
-0.2292,0.850509337606099,1.28671920597662
-0.2268,0.851387861584242,1.28810031229274
-0.2244,0.852257518948634,1.28946168043981
-0.222,0.85312041206791,1.29082304858688
-0.2196,0.853978343098527,1.2921773796742
-0.2172,0.854831930847659,1.29349652546274
-0.2148,0.855683428476716,1.29481567125128
-0.2124,0.856531051210616,1.29613481703982
-0.21,0.857374265679114,1.29741442682061
-0.2076,0.858216340695892,1.29868612939986
-0.2052,0.859059052249824,1.2999578319791
-0.2028,0.859902765218469,1.30120329656166
-0.2004,0.860746755759627,1.30242252314754
-0.198,0.861590114982649,1.30364174973341
-0.1956,0.862436323865008,1.30485231964195
-0.1932,0.863303559036072,1.30601960616378
-0.1908,0.864228208965064,1.30718689268561
-0.1884,0.865280996625833,1.30835417920744
-0.186,0.866605595013044,1.30948768252902
-0.1836,0.868489346497641,1.31061442921056
-0.1812,0.871489055666881,1.31174117589209
-0.1788,0.876665830862685,1.31285850858727
-0.1764,0.885980466385319,1.3139664272961
-0.174,0.90293975054377,1.31507434600493
-0.1716,0.933592733590965,1.31618243736125
-0.1692,0.98807206848559,1.31729139195502
-0.1668,1.08276629321502,1.31840034654878
-0.1644,1.2433640996892,1.31950930114254
-0.162,1.50822445591554,1.32061468695279
-0.1596,1.93183266484177,1.32171935900633
-0.1572,2.58820012016815,1.32282403105987
-0.1548,3.49759510068007,1.32390049794916
-0.1524,4.30856410012038,1.3249487596742
-0.15,4.90417241473157,1.32599702139925
-0.1476,5.28044819056191,1.3270202391096
-0.1452,5.46990464648012,1.32791823674652
-0.1428,5.53056856809054,1.32881623438345
-0.1404,5.52112846538918,1.32971423202037
-0.138,5.36139060289419,1.33042003408423
-0.1356,4.91295766966593,1.33108739703349
-0.1332,4.08583112449312,1.33175475998275
-0.1308,3.17671686910388,1.33232353378155
-0.1284,2.47261403344953,1.3327937184299
-0.126,1.95158784838016,1.33326390307825
-0.1236,1.58209559295688,1.33374025198216
-0.1212,1.33011051619685,1.33424742216384
-0.1188,1.16461837344711,1.33475459234552
-0.1164,1.06005973243797,1.33526176252719
-0.114,0.996605329686791,1.33613416730804
-0.1116,0.959722927659419,1.33707961900871
-0.1092,0.939331665044844,1.33802507070939
-0.1068,0.928694916482147,1.33935028538245
-0.1044,0.923591638523401,1.34105526302789
-0.102,0.921484301814055,1.34276024067334
-0.0996,0.920888129821235,1.34456077117757
-0.0972,0.920968052585366,1.34683906597573
-0.0948,0.9213223859135,1.3491173607739
-0.0924,0.922016858295557,1.35139565557206
-0.09,0.922591498442732,1.35328184029453
-0.0876,0.922991588088164,1.35508960300186
-0.0852,0.92329105725584,1.35689736570919
-0.0828,0.923546263828835,1.35760841199246
-0.0804,0.923728315199209,1.35722274185167
-0.078,0.923779364601522,1.35683707171087
-0.0756,0.923739652154528,1.35586946129866
-0.0732,0.923740868773427,1.35199214952936
-0.0708,0.923777352439119,1.34811483776005
-0.0684,0.923835731775361,1.34423752599074
-0.066,0.923906489859584,1.3383148173404
-0.0636,0.923985149370333,1.33198302931384
-0.0612,0.924065096589417,1.32565124128729
-0.0588,0.924141693490255,1.32056278251168
-0.0564,0.924216873869508,1.31671765298702
-0.054,0.924290350492225,1.31287252346236
-0.0516,0.9243611109299,1.31072914613448
-0.0492,0.924428991693148,1.3170945297905
-0.0468,0.924492257153384,1.32345991344651
-0.0444,0.924550573574571,1.32982529710253
-0.042,0.924608499911723,1.34832136167909
-0.0396,0.924665915621554,1.36924356243976
-0.0372,0.924723064991054,1.39016576320043
-0.0348,0.924779701484202,1.41405251685572
-0.0324,0.924834299147679,1.44090382340565
-0.03,0.924886254564638,1.46775512995558
-0.0276,0.924935862694116,1.49154624736652
-0.0252,0.924983994062733,1.50003641908251
-0.0228,0.925030993739271,1.50852659079851
-0.0204,0.925075076797122,1.51701676251451
-0.018,0.925115571677491,1.49177830729378
-0.0156,0.925152329335401,1.4597941266857
-0.0132,0.925185217316017,1.42780994607762
-0.0108,0.925215186412647,1.38908079875019
-0.0084,0.925241549721966,1.3436066847034
-0.006,0.925264224498245,1.2981325706566
-0.0036,0.925281445788954,1.26023747561761
-0.0012,0.925289760948931,1.26023747561761
0.0012,0.925289760950146,1.26023747561761
0.0036,0.925281445792098,1.26023747561761
0.006,0.925264224502285,1.2981325706566
0.0084,0.925241549723198,1.3436066847034
0.0108,0.925215186412743,1.38908079875019
0.0132,0.92518521731747,1.42780994607762
0.0156,0.925152329337926,1.4597941266857
0.018,0.925115571679582,1.49177830729378
0.0204,0.925075076796129,1.51701676251451
0.0228,0.925030993734815,1.50852659079851
0.0252,0.924983994055787,1.50003641908252
0.0276,0.924935862687125,1.49154624736652
0.03,0.924886254559652,1.46775512995558
0.0324,0.924834299145149,1.44090382340566
0.0348,0.924779701483467,1.41405251685573
0.0372,0.924723064990961,1.39016576320043
0.0396,0.924665915620958,1.36924356243976
0.042,0.924608499909382,1.34832136167909
0.0444,0.924550573572557,1.32982529710253
0.0468,0.924492257158632,1.32345991344651
0.0492,0.924428991702914,1.3170945297905
0.0516,0.924361110940014,1.31072914613449
0.054,0.924290350499351,1.31287252346237
0.0564,0.924216873871703,1.31671765298702
0.0588,0.92414169348666,1.32056278251168
0.0612,0.924065096583149,1.32565124128729
0.0636,0.923985149366679,1.33198302931385
0.066,0.923906489859452,1.3383148173404
0.0684,0.923835731777707,1.34423752599075
0.0708,0.923777352442046,1.34811483776006
0.0732,0.923740868772623,1.35199214952936
0.0756,0.923739652152494,1.35586946129867
0.078,0.923779364600534,1.35683707171088
0.0804,0.923728315197929,1.35722274185167
0.0828,0.923546263826866,1.35760841199246
0.0852,0.923291057254759,1.3568973657092
0.0876,0.922991588087914,1.35508960300186
0.09,0.92259149844363,1.35328184029453
0.0924,0.922016858294225,1.35139565557206
0.0948,0.921322385911366,1.3491173607739
0.0972,0.920968052583293,1.34683906597574
0.0996,0.920888129820911,1.34456077117758
0.102,0.921484301821345,1.34276024067335
0.1044,0.923591638529094,1.3410552630279
0.1068,0.928694916479626,1.33935028538246
0.1092,0.939331665045722,1.33802507070939
0.1116,0.959722927660287,1.33707961900872
0.114,0.996605329679011,1.33613416730804
0.1164,1.06005973243142,1.3352617625272
0.1188,1.16461837343618,1.33475459234552
0.1212,1.33011051618393,1.33424742216384
0.1236,1.58209559291417,1.33374025198217
0.126,1.95158784833651,1.33326390307826
0.1284,2.47261403341013,1.33279371842991
0.1308,3.17671686904143,1.33232353378155
0.1332,4.08583112444221,1.33175475998275
0.1356,4.91295766963614,1.33108739703349
0.138,5.36139060289485,1.33042003408424
0.1404,5.52112846540615,1.32971423202037
0.1428,5.5305685681032,1.32881623438345
0.1452,5.46990464648091,1.32791823674653
0.1476,5.2804481906045,1.32702023910961
0.15,4.90417241472595,1.32599702139925
0.1524,4.30856410016467,1.32494875967421
0.1548,3.49759510072617,1.32390049794916
0.1572,2.58820012023563,1.32282403105987
0.1596,1.93183266489184,1.32171935900633
0.162,1.50822445593593,1.32061468695279
0.1644,1.24336409968058,1.31950930114254
0.1668,1.08276629318446,1.31840034654878
0.1692,0.988072068462984,1.31729139195502
0.1716,0.933592733599031,1.31618243736125
0.174,0.902939750579647,1.31507434600493
0.1764,0.885980466421503,1.3139664272961
0.1788,0.876665830875683,1.31285850858727
0.1812,0.871489055651224,1.31174117589209
0.1836,0.868489346467245,1.31061442921056
0.186,0.86660559498802,1.30948768252902
0.1884,0.865280996618245,1.30835417920744
0.1908,0.864228208979284,1.30718689268561
0.1932,0.863303559070371,1.30601960616378
0.1956,0.862436323907994,1.30485231964195
0.198,0.861590114990819,1.30364174973341
0.2004,0.860746755741753,1.30242252314754
0.2028,0.859902765194187,1.30120329656166
0.2052,0.859059052233305,1.2999578319791
0.2076,0.858216340693018,1.29868612939986
0.21,0.857374265686889,1.29741442682061
0.2124,0.856531051217226,1.29613481703982
0.2148,0.855683428477202,1.29481567125128
0.2172,0.854831930847641,1.29349652546274
0.2196,0.853978343100944,1.2921773796742
0.222,0.853120412069935,1.29082304858688
0.2244,0.852257518947479,1.28946168043981
0.2268,0.851387861581782,1.28810031229274
0.2292,0.85050933760344,1.28671920597662
0.2316,0.849621101472465,1.28531836149146
0.234,0.84872279921293,1.28391751700629
0.2364,0.847814832137459,1.28251013853272
0.2388,0.846898013057096,1.28107009011713
0.2412,0.845973830885292,1.27963004170154
0.2436,0.84505094449437,1.27818999328595
0.246,0.844133272175095,1.27671650177598
0.2484,0.843218870119713,1.27523632164715
0.2508,0.842306252088278,1.27375614151831
0.2532,0.841394170012665,1.272255445873
0.2556,0.840481608963009,1.27073423471121
0.258,0.839567575087037,1.26921302354943
0.2604,0.838651086242259,1.26768492511306
0.2628,0.837731363116698,1.26612239030381
0.2652,0.83680794516022,1.26455985549455
0.2676,0.83588050523774,1.2629973206853
0.27,0.834948881341953,1.26140058794047
0.2724,0.834013006109403,1.25979701560852
0.2748,0.833072691588084,1.25819344327657
0.2772,0.832128379852295,1.2565696331823
0.2796,0.831180819013989,1.25492558532572
0.282,0.830230480158202,1.25328153746914
0.2844,0.829277050912879,1.25163083677153
0.2868,0.828319497024363,1.24994687186875
0.2892,0.827357017086532,1.24826290696597
0.2916,0.82639044205733,1.24657894206319
0.294,0.825420892419184,1.24486207047675
0.2964,0.824448671231752,1.24313861755358
0.2988,0.823473880780093,1.24141516463041
0.3012,0.822496641035074,1.23967212296669
0.3036,0.821516849679861,1.23790949256241
0.306,0.82053461112242,1.23614686215814
0.3084,0.819550661736653,1.23437774587497
0.3108,0.818565968475529,1.23257620019733
0.3132,0.817580281325807,1.23077465451969
0.3156,0.816592874464198,1.22897310884206
0.318,0.815603448790839,1.2271393639219
0.3204,0.814611771679236,1.22529917915323
0.3228,0.813617542419542,1.22345899438456
0.3252,0.812623554023601,1.2215996484967
0.3276,0.811633589328538,1.21972114148963
0.33,0.810648716470168,1.21784263448256
0.3324,0.809669914568499,1.21595779937032
0.3348,0.808698375266677,1.21404132373219
0.3372,0.807734950946438,1.21212484809406
0.3396,0.806778888302466,1.21020837245593
0.342,0.805826711234464,1.20826056777933
0.3444,0.804878224623834,1.20630649729505
0.3468,0.803938295722739,1.20435242681076
0.3492,0.803015588594889,1.20237974872886
0.3516,0.802121470983494,1.20038846304935
0.354,0.801268229626509,1.19839717736984
0.3564,0.800472605421068,1.19639975238653
0.3588,0.799764958174776,1.19437163088424
0.3612,0.799190113421637,1.19234350938195
0.3636,0.798814024718208,1.19031538787966
0.366,0.798736117719107,1.18825688632389
0.3684,0.799112703490919,1.18619230875743
0.3708,0.800175737117748,1.18412773119096
0.3732,0.802248663101783,1.18204511735695
0.3756,0.805800976837997,1.17994446725539
0.378,0.811468585156914,1.17784381715383
0.3804,0.820149122783714,1.17573721998038
0.3828,0.833031216009731,1.17360088744748
0.3852,0.851676110308697,1.17146455491458
0.3876,0.878129407467394,1.16932822238168
0.39,0.915012418344301,1.16716248586158
0.3924,0.965556270442195,1.16499086854404
0.3948,1.03377098339831,1.1628192512265
0.3972,1.12438432457451,1.16063019384744
0.3996,1.24297499450618,1.15842369640687
0.402,1.39567426996928,1.15621719896629
0.4044,1.58934233232944,1.15400495659973
0.4068,1.83077399992355,1.15176398960327
0.4092,2.12677648163647,1.14952302260681
0.4116,2.48302677588178,1.14728205561035
0.414,2.90328926760342,1.14501271023648
0.4164,3.31339880811854,1.14273768918713
0.4188,3.59383678091219,1.14046266813777
0.4212,3.75653890238982,1.13817082999885
0.4236,3.82923193300456,1.13586217477035
0.426,3.84532648395388,1.13355351954186
0.4284,3.83803693277013,1.13123932928376
0.4308,3.81100627491673,1.12889746387767
0.4332,3.74811813740086,1.12655559847159
0.4356,3.63448014194522,1.1242137330655
0.438,3.45735409360996,1.12184454918192
0.4404,3.20799432877831,1.11946990160285
0.4428,2.8829003212382,1.11709525402377
0.4452,2.48428614145324,1.11470443127962
0.4476,2.02774751201341,1.11229743337039
0.45,1.62752623506118,1.10989043546116
0.4524,1.33171441186715,1.10747811839988
0.4548,1.11674403112055,1.10503920557831
0.4572,0.962895109573596,1.10260029275674
0.4596,0.854312237752254,1.10016137993517
0.462,0.778702521134702,1.09769623689325
0.4644,0.726675132777513,1.09522584780726
0.4668,0.691200992712007,1.09275545872127
0.4692,0.667151668119576,1.09026955224995
0.4716,0.650867797976487,1.08776812839331
0.474,0.639785143447595,1.08526670453666
0.4764,0.632139554045659,1.08276018220954
0.4788,0.626735244071754,1.08022816753
0.4812,0.622776125285743,1.07769615285046
0.4836,0.619738791527888,1.07516413817092
0.486,0.617290331909302,1.07260700281581
0.4884,0.615215993860036,1.07004484332559
0.4908,0.613376609463292,1.06748268383537
0.4932,0.611685724607016,1.06490567578118
0.4956,0.61009039035638,1.06231381916303
0.498,0.608557631069072,1.05972196254488
0.5004,0.607065989511568,1.05712523122913
0.5028,0.605601182312826,1.05450412642535
0.5052,0.604153223576333,1.05188302162157
0.5076,0.60271571635792,1.0492619168178
0.51,0.601284822348075,1.046616813328
0.5124,0.599861793461945,1.04396691010099
0.5148,0.598449114987321,1.04131700687399
0.5172,0.597042527348174,1.03865292948866
0.5196,0.595639080122492,1.03597467794502
0.522,0.594237242359678,1.03329642640137
0.5244,0.592836449392027,1.03061352512695
0.5268,0.591436083487564,1.02790737519864
0.5292,0.590035251304249,1.02520122527034
0.5316,0.588632682949087,1.02249507534204
0.534,0.587227213022886,1.01976605108314
0.5364,0.58581817476243,1.01703245195812
0.5388,0.584405321477426,1.0142988528331
0.5412,0.582989286325383,1.01155175301559
0.5436,0.581573812295128,1.00879115250559
0.546,0.580161412743055,1.00603055199558
0.5484,0.578750855192925,1.00326552554181
0.5508,0.577342660738283,1.00047836936917
0.5532,0.575937023683822,0.997691213196527
0.5556,0.574533378331957,0.994904057023886
0.558,0.573131184980037,0.992095140142506
0.5604,0.571729633505901,0.989281871119378
0.5628,0.570327958150204,0.986468602096251
0.5652,0.568925815647225,0.983642496115931
0.5676,0.567523744617276,0.98080355317842
0.57,0.566125274176998,0.977964610240909
0.5724,0.5647305457449,0.975121460633897
0.5748,0.563338772397484,0.972257277679378
0.5772,0.561949652511702,0.969393094724859
0.5796,0.560562812993917,0.96652891177034
0.582,0.559178073197776,0.963644051658288
0.5844,0.557795155064422,0.960755056114728
0.5868,0.5564137784196,0.957866060571169
0.5892,0.555033350220923,0.95496486831455
0.5916,0.553652988613669,0.952051479344872
0.594,0.552271904681214,0.949138090375194
0.5964,0.550888844242847,0.946220703935611
0.5988,0.549502167469,0.943283330146502
0.6012,0.548108789521085,0.940345956357393
0.6036,0.54670392265532,0.937408582568284
0.606,0.545280446089949,0.934451550671572
0.6084,0.543844804265667,0.931490587153339
0.6108,0.542471927315727,0.928529623635106
0.6132,0.541185629382207,0.925557054111487
0.6156,0.539976289796008,0.922572878582484
0.618,0.538817012727121,0.91958870305348
0.6204,0.53767994324004,0.916600718073519
0.6228,0.536575544067994,0.913593685838772
0.6252,0.535532968846224,0.910586653604024
0.6276,0.534589459165601,0.907579621369277
0.63,0.533793941519319,0.904553813796076
0.6324,0.533211617703185,0.901524251155183
0.6348,0.532928903706247,0.898494688514291
0.6372,0.53305898734231,0.895454005021663
0.6396,0.533753767428054,0.892402200677301
0.642,0.535217080453262,0.889350396332939
0.6444,0.537711420763358,0.886294925034082
0.6468,0.541566555730546,0.883221118962754
0.6492,0.547204307457877,0.880147312891425
0.6516,0.555165276572773,0.877073506820096
0.654,0.566149040584027,0.873981513438594
0.6564,0.580981868128322,0.870885882595058
0.6588,0.60065422188227,0.867790251751521
0.6612,0.626381548801862,0.864683756401914
0.6636,0.659588161789946,0.861566396546238
0.666,0.70194807741098,0.858449036690561
0.6684,0.755356914085572,0.855328053956283
0.6708,0.821937382763852,0.852188956828998
0.6732,0.904038433064215,0.849049859701712
0.6756,1.00412737903339,0.845910762574426
0.678,1.12479470187984,0.842753433920597
0.6804,1.26859551397467,0.83959245896146
0.6828,1.43793878553212,0.836431484002322
0.6852,1.63493159608735,0.833259416436227
0.6876,1.86121544206308,0.830076256263176
0.69,2.11649938369552,0.826893096090124
0.6924,2.35473416720162,0.823706152438716
0.6948,2.52540303549379,0.82050029139552
0.6972,2.6348309673968,0.817294430352324
0.6996,2.69430618663765,0.814088569309128
0.702,2.71741559155942,0.810863146855984
0.7044,2.71875869774897,0.80763381212085
0.7068,2.71147642257288,0.804404477385717
0.7092,2.69628765344447,0.801162862539763
0.7116,2.66686851111402,0.79790896758299
0.714,2.61717309276434,0.794655072626217
0.7164,2.54171345263195,0.791396840262873
0.7188,2.43590112704512,0.788116920866675
0.7212,2.29611137101833,0.784837001470477
0.7236,2.12009040483711,0.781557082074279
0.726,1.90733769046112,0.778253881857291
0.7284,1.65935556734904,0.774946025476145
0.7308,1.3804203136914,0.771638169095
0.7332,1.11274250260247,0.768315125877875
0.7356,0.902421273375593,0.76497689582477
0.738,0.740185915603235,0.761638665771665
0.7404,0.61644656985336,0.758294866857685
0.7428,0.522997482711879,0.754923223639328
0.7452,0.453023576352146,0.751551580420972
0.7476,0.401021645419764,0.748179937202615
0.75,0.362612363866386,0.74477734922077
0.7524,0.334370895525131,0.741368572286228
0.7548,0.313657385314969,0.737959795351685
0.7572,0.298463997525193,0.734530213968197
0.7596,0.28728465380512,0.731079828135762
0.762,0.279001813547608,0.727629442303327
0.7644,0.272796090362706,0.724171239413422
0.7668,0.268072394887724,0.720673951236163
0.7692,0.264402402063204,0.717176663058903
0.7716,0.261480204708571,0.713679374881644
0.774,0.259088692545066,0.710137868718803
0.7764,0.25707446314771,0.706587518958846
0.7788,0.255329500556292,0.70303716919889
0.7812,0.253777840779893,0.699456763873524
0.7836,0.252365914912429,0.695846302982749
0.786,0.251057339399517,0.692235842091975
0.7884,0.249830712379804,0.688614040340561
0.7908,0.24866688721724,0.684935534285951
0.7932,0.247550233268749,0.681257028231342
0.7956,0.246468935190879,0.677578522176732
0.798,0.245414037250103,0.673835999350446
0.8004,0.244379002997695,0.670080673169825
0.8028,0.24335918917278,0.666325346989204
0.8052,0.242350913146166,0.662526846914367
0.8076,0.241351138766635,0.658685172945314
0.81,0.240357026287136,0.65484349897626
0.8124,0.239365921981783,0.650985743454412
0.8148,0.238375010423145,0.647047580168592
0.8172,0.237381146330013,0.643109416882772
0.8196,0.236380655831847,0.639171253596952
0.822,0.235368851507703,0.635143881175549
0.8244,0.234339515394291,0.631098666927031
0.8268,0.233284631408006,0.627053452678512
0.8292,0.232227219485772,0.622949347432342
0.8316,0.231272582562293,0.618786351188519
0.834,0.230435940673648,0.614623354944696
0.8364,0.229697826623034,0.610438962794055
0.8388,0.229020740940445,0.606147591109327
0.8412,0.228369920450971,0.601856219424599
0.8436,0.227753145414134,0.597564847739871
0.846,0.227198294439521,0.593158082641476
0.8484,0.226736411286115,0.588728238860348
0.8508,0.226407243457879,0.58429839507922
0.8532,0.226260609736952,0.579794717237237
0.8556,0.226358759196723,0.575217205334397
0.858,0.226779673435525,0.570639693431558
0.8604,0.227621077856602,0.566036260477558
0.8628,0.229003745774831,0.561303222267754
0.8652,0.2310764839762,0.55657018405795
0.8676,0.234021784421579,0.551837145848147
0.87,0.238059139723148,0.546969448587824
0.8724,0.243451647280819,0.542074819517397
0.8748,0.250510305905277,0.53718019044697
0.8772,0.259597123701009,0.532202858730268
0.8796,0.271130048229637,0.527142824367294
0.882,0.285582873338639,0.522082790004319
0.8844,0.303486192301432,0.516995000192732
0.8868,0.325422260250356,0.511768433138084
0.8892,0.352020704469634,0.506541866083436
0.8916,0.383941599614296,0.501315299028788
0.894,0.421865066570757,0.495951584102828
0.8964,0.466459269851586,0.490560439602606
0.8988,0.518356616248928,0.485169295102384
0.9012,0.578109873928616,0.47969854698084
0.9036,0.646149918327543,0.474148195237971
0.906,0.72269867313681,0.468597843495103
0.9084,0.807616196362204,0.463022462742302
0.9108,0.887586008748438,0.45732193693983
0.9132,0.946171646128156,0.451621411137359
0.9156,0.985419807436016,0.445920885334888
0.918,1.00862917891853,0.440105915544532
0.9204,1.0195148874428,0.434268056956599
0.9228,1.02193251557042,0.428430198368665
0.9252,1.01970414144258,0.422532011690781
0.9276,1.01572460801691,0.416573496922944
0.93,1.00983978994774,0.410614982155108
0.9324,1.00064270061865,0.404639759885235
0.9348,0.986954823382429,0.398581000105178
0.9372,0.967703987575123,0.39252224032512
0.9396,0.942046846729898,0.386463480545063
0.942,0.909454846616104,0.380341110372005
0.9444,0.8697155772213,0.374206018120346
0.9468,0.822984643777838,0.368070925868688
0.9492,0.76981901771731,0.361911192484331
0.9516,0.711143347869161,0.355726817967277
0.954,0.649546963228329,0.349542443450222
0.9564,0.594984704178784,0.343354805565341
0.9588,0.5483005533909,0.337150850841328
0.9612,0.507331039337659,0.330946896117314
0.9636,0.471018037271936,0.324742941393301
0.966,0.438216733071241,0.318549137078039
0.9684,0.408154109018082,0.312357362844527
0.9708,0.380565085590785,0.306165588611016
0.9732,0.355142619411062,0.299996474170061
0.9756,0.331505900098484,0.293850019521662
0.978,0.309551736983342,0.287703564873264
0.9804,0.289647114856077,0.281570292697604
0.9828,0.271935252803282,0.275502932885641
0.9852,0.257650220872683,0.269435573073677
0.9876,0.249503706392727,0.263368213261713
0.99,0.24297062666478,0.257394795430723
0.9924,0.234683688524216,0.251440165995928
0.9948,0.2248432333476,0.245485536561133
0.9972,0.213963002149723,0.2396036305707
0.9996,0.202387423598982,0.23379444802463
1.002,0.19040490139712,0.22798526547856
1.0044,0.178252644375245,0.22220549825428
1.0068,0.166123252526524,0.216572807638955
1.0092,0.154171565962186,0.21094011702363
1.0116,0.14252013429332,0.205307426408305
1.014,0.13126399279157,0.199845709774992
1.0164,0.120474799333494,0.194418187938081
1.0188,0.11020442729767,0.18899066610117
1.0212,0.100488093149735,0.183678575383852
1.0236,0.0913470801542469,0.178481915786127
1.026,0.0827911089485841,0.173285256188402
1.0284,0.0748203978357322,0.168130773280792
1.0308,0.0674274497353341,0.16318717382376
1.0332,0.0605985979873079,0.158243574366728
1.0356,0.0543153392383734,0.153299974909696
1.038,0.0485554782649206,0.148582516689608
1.0404,0.0432941066819025,0.143910286716907
1.0428,0.0385044349776449,0.139238056744208
1.0452,0.0341584951370126,0.134708590080718
1.0476,0.0302277292198123,0.13032188672644
1.05,0.0266834776054306,0.125935183372163
1.0524,0.0234973791625975,0.121597713546472
1.0548,0.0206416943242003,0.117506411363715
1.0572,0.0180895609150328,0.113415109180957
1.0596,0.0158151915729733,0.109323806998199
1.062,0.013794020702508,0.10548333304056
1.0644,0.0120028080880161,0.101693024727944
1.0668,0.0104197055597656,0.0979027164153282
1.0692,0.00902429243745875,0.0942636224616235
1.0716,0.00779758486578616,0.0907757428668306
1.074,0.00672202359687814,0.0872878632720378
1.0764,0.00578144426031596,0.0838499737289193
1.0788,0.00496103368817901,0.0806620344441754
1.0812,0.00424727542709712,0.0774740951594308
1.0836,0.00362788716880463,0.0742861558746865
1.086,0.0030917524631574,0.0713430976603604
1.0884,0.00262884874125966,0.0684490156601176
1.0908,0.00223017336979166,0.0655549336598754
1.0932,0.0018876691795226,0.0628031431833733
1.0956,0.00159415066010096,0.060193644230612
1.098,0.00134323178832079,0.0575841452778507
1.1004,0.00112925625692001,0.0550200754870755
1.1028,0.000947230694280773,0.0526831515062325
1.1052,0.000792761310825206,0.0503462275253891
1.1076,0.000661994274032081,0.0480093035445459
1.11,0.000551559999369697,0.0458876489249674
1.1124,0.000458521447545923,0.0438090481776416
1.1148,0.000380326437795929,0.0417304474303161
1.1172,0.000314763920952884,0.0397730118569529
1.1196,0.000259924103254496,0.0379367414575526
1.122,0.000214162270758458,0.036100471058152
1.1244,0.000176066133464487,0.0343017160429827
1.1268,0.000144426486424725,0.0326905379489702
1.1292,0.000118210970967271,0.0310793598549574
1.1316,9.65407114893939e-05,0.0294681817609449
1.134,7.86696009791082e-05,0.0280295719848924
1.1364,6.3966010560454e-05,0.0266254758724321
1.1388,5.18967039512273e-05,0.0252213797599719
1.1412,4.20127460855637e-05,0.0239116512664558
1.1436,3.39372055699207e-05,0.0226962903918841
1.146,2.73544624597569e-05,0.0214809295173121
1.1484,2.20009455291917e-05,0.0202939752749122
1.1508,1.76571364958306e-05,0.0192490541933728
1.1532,1.414069203021e-05,0.0182041331118331
1.1556,1.13005476123121e-05,0.0171592120302936
1.158,9.01187999186646e-06,0.0162413963278114
1.1604,7.17181752297359e-06,0.0153490017011407
1.1628,5.69579938138977e-06,0.0144566070744701
1.1652,4.51449543264021e-06,0.0136318431050917
1.1676,3.57120863437021e-06,0.0128747097930056
1.17,2.81969126728799e-06,0.0121175764809195
1.1724,2.22231494773454e-06,0.0113802489501828
1.1748,1.74854153891391e-06,0.0107419503261932
1.1772,1.37364926945891e-06,0.0101036517022036
1.1796,1.07767468679705e-06,0.00946535307821409
1.182,8.44537711662508e-07,0.00891316386702201
1.1844,6.61320110253744e-07,0.0083781965383895
1.1868,5.17668737888526e-07,0.00784322920975699
1.1892,4.05292884664712e-07,0.00735256135919532
1.1916,3.17585516700571e-07,0.00690619298670462
1.194,2.49266581379697e-07,0.00645982461421384
1.1964,1.96532252956231e-07,0.0060134562417231
1.1988,1.3380657904603e-07,0.00556708786923236
